-- PTCMSS Seed Data - 3 branches, 10 employees each, and complete related data
-- Assumes schema already created. Uses INSERT IGNORE to avoid duplicate errors.
-- 
-- NOTE: Warnings about duplicate entries are NORMAL when running this script multiple times.
-- INSERT IGNORE will skip existing records and only show warnings, not errors.

-- Roles
INSERT IGNORE INTO roles (roleId, roleName, description, status) VALUES
(1,'Admin','Quản trị viên hệ thống','ACTIVE'),
(2,'Manager','Quản lý chi nhánh','ACTIVE'),
(3,'Consultant','Tư vấn viên','ACTIVE'),
(4,'Driver','Tài xế','ACTIVE'),
(5,'Accountant','Kế toán','ACTIVE'),
(6,'Coordinator','Điều phối viên','ACTIVE');

-- Users (Admin + 30 employees mapped to roles)
INSERT IGNORE INTO users (userId, roleId, fullName, username, passwordHash, email, phone, status, email_verified, createdAt) VALUES
(1,1,'Admin Tổng','admin','$2a$10$6GS3l5b0VDGXI9dm3GaPN.1uGCEbwXExR.uJEHp9KmeduOZmEq3HC','admin@ptcmss.com','0900000001','ACTIVE',1,NOW()),
-- Branch 1 users (10)
(2,2,'Manager HN','manager_hn','$2a$10$6GS3l5b0VDGXI9dm3GaPN.1uGCEbwXExR.uJEHp9KmeduOZmEq3HC','manager.hn@ptcmss.com','0900001001','ACTIVE',1,NOW()),
(3,3,'Consultant HN 1','consultant_hn1','$2a$10$6GS3l5b0VDGXI9dm3GaPN.1uGCEbwXExR.uJEHp9KmeduOZmEq3HC','c1.hn@ptcmss.com','0900001002','ACTIVE',1,NOW()),
(4,3,'Consultant HN 2','consultant_hn2','$2a$10$6GS3l5b0VDGXI9dm3GaPN.1uGCEbwXExR.uJEHp9KmeduOZmEq3HC','c2.hn@ptcmss.com','0900001003','ACTIVE',1,NOW()),
(5,5,'Accountant HN','accountant_hn','$2a$10$6GS3l5b0VDGXI9dm3GaPN.1uGCEbwXExR.uJEHp9KmeduOZmEq3HC','acc.hn@ptcmss.com','0900001004','ACTIVE',1,NOW()),
(6,6,'Coordinator HN','coord_hn','$2a$10$6GS3l5b0VDGXI9dm3GaPN.1uGCEbwXExR.uJEHp9KmeduOZmEq3HC','coord.hn@ptcmss.com','0900001005','ACTIVE',1,NOW()),
(7,4,'Tài xế HN A','driver_hn_a','$2a$10$6GS3l5b0VDGXI9dm3GaPN.1uGCEbwXExR.uJEHp9KmeduOZmEq3HC','driver.hn.a@ptcmss.com','0912345001','ACTIVE',1,NOW()),
(8,4,'Tài xế HN B','driver_hn_b','$2a$10$6GS3l5b0VDGXI9dm3GaPN.1uGCEbwXExR.uJEHp9KmeduOZmEq3HC','driver.hn.b@ptcmss.com','0912345002','ACTIVE',1,NOW()),
(9,4,'Tài xế HN C','driver_hn_c','$2a$10$6GS3l5b0VDGXI9dm3GaPN.1uGCEbwXExR.uJEHp9KmeduOZmEq3HC','driver.hn.c@ptcmss.com','0912345003','ACTIVE',1,NOW()),
(10,4,'Tài xế HN D','driver_hn_d','$2a$10$6GS3l5b0VDGXI9dm3GaPN.1uGCEbwXExR.uJEHp9KmeduOZmEq3HC','driver.hn.d@ptcmss.com','0912345004','ACTIVE',1,NOW()),
-- Branch 2 users (10)
(11,2,'Manager DN','manager_dn','$2a$10$6GS3l5b0VDGXI9dm3GaPN.1uGCEbwXExR.uJEHp9KmeduOZmEq3HC','manager.dn@ptcmss.com','0900002001','ACTIVE',1,NOW()),
(12,3,'Consultant DN 1','consultant_dn1','$2a$10$6GS3l5b0VDGXI9dm3GaPN.1uGCEbwXExR.uJEHp9KmeduOZmEq3HC','c1.dn@ptcmss.com','0900002002','ACTIVE',1,NOW()),
(13,3,'Consultant DN 2','consultant_dn2','$2a$10$6GS3l5b0VDGXI9dm3GaPN.1uGCEbwXExR.uJEHp9KmeduOZmEq3HC','c2.dn@ptcmss.com','0900002003','ACTIVE',1,NOW()),
(14,5,'Accountant DN','accountant_dn','$2a$10$6GS3l5b0VDGXI9dm3GaPN.1uGCEbwXExR.uJEHp9KmeduOZmEq3HC','acc.dn@ptcmss.com','0900002004','ACTIVE',1,NOW()),
(15,6,'Coordinator DN','coord_dn','$2a$10$6GS3l5b0VDGXI9dm3GaPN.1uGCEbwXExR.uJEHp9KmeduOZmEq3HC','coord.dn@ptcmss.com','0900002005','ACTIVE',1,NOW()),
(16,4,'Tài xế DN A','driver_dn_a','$2a$10$6GS3l5b0VDGXI9dm3GaPN.1uGCEbwXExR.uJEHp9KmeduOZmEq3HC','driver.dn.a@ptcmss.com','0912345101','ACTIVE',1,NOW()),
(17,4,'Tài xế DN B','driver_dn_b','$2a$10$6GS3l5b0VDGXI9dm3GaPN.1uGCEbwXExR.uJEHp9KmeduOZmEq3HC','driver.dn.b@ptcmss.com','0912345102','ACTIVE',1,NOW()),
(18,4,'Tài xế DN C','driver_dn_c','$2a$10$6GS3l5b0VDGXI9dm3GaPN.1uGCEbwXExR.uJEHp9KmeduOZmEq3HC','driver.dn.c@ptcmss.com','0912345103','ACTIVE',1,NOW()),
(19,4,'Tài xế DN D','driver_dn_d','$2a$10$6GS3l5b0VDGXI9dm3GaPN.1uGCEbwXExR.uJEHp9KmeduOZmEq3HC','driver.dn.d@ptcmss.com','0912345104','ACTIVE',1,NOW()),
-- Branch 3 users (10)
(20,2,'Manager HCM','manager_hcm','$2a$10$6GS3l5b0VDGXI9dm3GaPN.1uGCEbwXExR.uJEHp9KmeduOZmEq3HC','manager.hcm@ptcmss.com','0900003001','ACTIVE',1,NOW()),
(21,3,'Consultant HCM 1','consultant_hcm1','$2a$10$6GS3l5b0VDGXI9dm3GaPN.1uGCEbwXExR.uJEHp9KmeduOZmEq3HC','c1.hcm@ptcmss.com','0900003002','ACTIVE',1,NOW()),
(22,3,'Consultant HCM 2','consultant_hcm2','$2a$10$6GS3l5b0VDGXI9dm3GaPN.1uGCEbwXExR.uJEHp9KmeduOZmEq3HC','c2.hcm@ptcmss.com','0900003003','ACTIVE',1,NOW()),
(23,5,'Accountant HCM','accountant_hcm','$2a$10$6GS3l5b0VDGXI9dm3GaPN.1uGCEbwXExR.uJEHp9KmeduOZmEq3HC','acc.hcm@ptcmss.com','0900003004','ACTIVE',1,NOW()),
(24,6,'Coordinator HCM','coord_hcm','$2a$10$6GS3l5b0VDGXI9dm3GaPN.1uGCEbwXExR.uJEHp9KmeduOZmEq3HC','coord.hcm@ptcmss.com','0900003005','ACTIVE',1,NOW()),
(25,4,'Tài xế HCM A','driver_hcm_a','$2a$10$6GS3l5b0VDGXI9dm3GaPN.1uGCEbwXExR.uJEHp9KmeduOZmEq3HC','driver.hcm.a@ptcmss.com','0912345201','ACTIVE',1,NOW()),
(26,4,'Tài xế HCM B','driver_hcm_b','$2a$10$6GS3l5b0VDGXI9dm3GaPN.1uGCEbwXExR.uJEHp9KmeduOZmEq3HC','driver.hcm.b@ptcmss.com','0912345202','ACTIVE',1,NOW()),
(27,4,'Tài xế HCM C','driver_hcm_c','$2a$10$6GS3l5b0VDGXI9dm3GaPN.1uGCEbwXExR.uJEHp9KmeduOZmEq3HC','driver.hcm.c@ptcmss.com','0912345203','ACTIVE',1,NOW()),
(28,4,'Tài xế HCM D','driver_hcm_d','$2a$10$6GS3l5b0VDGXI9dm3GaPN.1uGCEbwXExR.uJEHp9KmeduOZmEq3HC','driver.hcm.d@ptcmss.com','0912345204','ACTIVE',1,NOW());

-- Branches (4) - Insert with NULL managerId first to avoid circular FK dependency
INSERT IGNORE INTO branches (branchId, branchName, location, managerId, status, createdAt, phone) VALUES
(1,'Chi nhánh Hà Nội','123 Láng Hạ, Đống Đa, Hà Nội',NULL,'ACTIVE',NOW(),'024-1234567'),
(2,'Chi nhánh Đà Nẵng','456 Nguyễn Văn Linh, Hải Châu, Đà Nẵng',NULL,'ACTIVE',NOW(),'0236-123456'),
(3,'Chi nhánh TP. HCM','789 Võ Thị Sáu, Quận 3, TP. HCM',NULL,'ACTIVE',NOW(),'028-12345678'),
(4,'Chi nhánh Hải Phòng','10 Lê Hồng Phong, Ngô Quyền, Hải Phòng',NULL,'INACTIVE',NOW(),'0225-123456');

-- Employees (28: mỗi user có 1 employee record tương ứng)
-- Note: Using alias syntax instead of VALUES() to avoid deprecation warning
INSERT INTO employees (employeeId, userId, branchId, roleId, status) VALUES
-- Admin (userId 1)
(1,1,1,1,'ACTIVE'),
-- Branch 1 users (userId 2-10, employeeId 2-10)
(2,2,1,2,'ACTIVE'),   -- Manager HN
(3,3,1,3,'ACTIVE'),   -- Consultant HN 1
(4,4,1,3,'ACTIVE'),   -- Consultant HN 2
(5,5,1,5,'ACTIVE'),   -- Accountant HN
(6,6,1,6,'ACTIVE'),   -- Coordinator HN
(7,7,1,4,'ACTIVE'),   -- Driver HN A
(8,8,1,4,'ACTIVE'),   -- Driver HN B
(9,9,1,4,'ACTIVE'),   -- Driver HN C
(10,10,1,4,'ACTIVE'), -- Driver HN D
-- Branch 2 users (userId 11-19, employeeId 11-19)
(11,11,2,2,'ACTIVE'), -- Manager DN
(12,12,2,3,'ACTIVE'), -- Consultant DN 1
(13,13,2,3,'ACTIVE'), -- Consultant DN 2
(14,14,2,5,'ACTIVE'), -- Accountant DN
(15,15,2,6,'ACTIVE'), -- Coordinator DN
(16,16,2,4,'ACTIVE'), -- Driver DN A
(17,17,2,4,'ACTIVE'), -- Driver DN B
(18,18,2,4,'ACTIVE'), -- Driver DN C
(19,19,2,4,'ACTIVE'), -- Driver DN D
-- Branch 3 users (userId 20-28, employeeId 20-28)
(20,20,3,2,'ACTIVE'), -- Manager HCM
(21,21,3,3,'ACTIVE'), -- Consultant HCM 1
(22,22,3,3,'ACTIVE'), -- Consultant HCM 2 (userId 22 → employeeId 22)
(23,23,3,5,'ACTIVE'), -- Accountant HCM
(24,24,3,6,'ACTIVE'), -- Coordinator HCM
(25,25,3,4,'ACTIVE'), -- Driver HCM A
(26,26,3,4,'ACTIVE'), -- Driver HCM B
(27,27,3,4,'ACTIVE'), -- Driver HCM C
(28,28,3,4,'ACTIVE')  -- Driver HCM D
AS new_emp
ON DUPLICATE KEY UPDATE
    branchId = new_emp.branchId,
    roleId = new_emp.roleId,
    status = new_emp.status;

-- Update branch managers after employees are created (to avoid circular FK dependency)
UPDATE branches SET managerId = 2 WHERE branchId = 1;  -- Manager HN
UPDATE branches SET managerId = 11 WHERE branchId = 2; -- Manager DN
UPDATE branches SET managerId = 20 WHERE branchId = 3; -- Manager HCM


-- Hire Types
INSERT IGNORE INTO hire_types (hireTypeId, code, name, description, isActive) VALUES
(1,'ONE_WAY','Thuê 1 chiều','Thuê xe đi 1 chiều',1),
(2,'ROUND_TRIP','Thuê 2 chiều (trong ngày)','Thuê xe đi và về trong ngày',1),
(3,'MULTI_DAY','Thuê nhiều ngày','Thuê xe theo gói nhiều ngày',1),
(4,'PERIODIC','Thuê định kỳ','Thuê lặp lại (đưa đón nhân viên, học sinh)',1),
(5,'AIRPORT_TRANSFER','Đưa/đón sân bay','Gói đưa đón sân bay 1 chiều',1),
(6,'DAILY','Thuê theo ngày','Thuê xe trọn ngày',1);

-- Vehicle Category Pricing
-- Updated baseFare values (2025-12-06): Reduced to reasonable levels for short trips
-- Xe 9 chỗ: 900,000 → 200,000 (-78%)
-- Xe 16 chỗ: 1,100,000 → 400,000 (-64%)
-- Xe 29 chỗ: 1,800,000 → 600,000 (-67%)
-- Xe 45 chỗ: 2,500,000 → 800,000 (-68%)
-- Xe giường nằm: 3,000,000 → 1,000,000 (-67%)
INSERT IGNORE INTO vehicle_category_pricing (categoryId, categoryName, seats, description, baseFare, pricePerKm, highwayFee, fixedCosts, sameDayFixedPrice, isPremium, premiumSurcharge, effectiveDate, status, createdAt) VALUES
(1,'Xe 9 chỗ (Limousine)',9,'DCar/Solati Limousine',200000.00,15000.00,100000.00,0.00,NULL,0,0.00,CURDATE(),'ACTIVE',NOW()),
(2,'Xe 16 chỗ',16,'Ford Transit, Mercedes Sprinter',400000.00,30000.00,300000.00,0.00,2500000.00,0,0.00,CURDATE(),'ACTIVE',NOW()),
(3,'Xe 29 chỗ',29,'Hyundai County, Samco Isuzu',600000.00,40000.00,150000.00,0.00,3000000.00,0,0.00,CURDATE(),'ACTIVE',NOW()),
(4,'Xe 45 chỗ',45,'Hyundai Universe',800000.00,50000.00,200000.00,0.00,NULL,0,0.00,CURDATE(),'ACTIVE',NOW()),
(5,'Xe giường nằm (40 chỗ)',40,'Xe giường nằm Thaco/Hyundai',1000000.00,30000.00,250000.00,0.00,NULL,0,0.00,CURDATE(),'ACTIVE',NOW());

-- Vehicles (9 total, 3 per branch)
INSERT IGNORE INTO vehicles (vehicleId, categoryId, branchId, licensePlate, model, brand, capacity, productionYear, registrationDate, inspectionExpiry, insuranceExpiry, odometer, status) VALUES
(1,1,1,'29A-111.11','DCar Limousine','DCar',9,2023,'2023-01-01','2026-01-01','2029-01-01',15000,'AVAILABLE'),
(2,2,1,'29A-222.22','Ford Transit','Ford',16,2022,'2022-01-01','2026-01-01','2029-01-01',32000,'AVAILABLE'),
(3,3,1,'29A-333.33','Samco Isuzu','Samco',29,2021,'2021-01-01','2026-01-01','2029-01-01',58000,'AVAILABLE'),
(4,1,2,'43A-111.11','DCar Limousine','DCar',9,2023,'2023-02-01','2026-02-01','2029-02-01',14000,'AVAILABLE'),
(5,2,2,'43B-222.22','Ford Transit','Ford',16,2022,'2022-02-01','2026-02-01','2029-02-01',40000,'INUSE'),
(6,4,2,'43C-333.33','Hyundai Universe','Hyundai',45,2021,'2021-02-01','2026-02-01','2029-02-01',90000,'AVAILABLE'),
(7,1,3,'51A-111.11','DCar Limousine','DCar',9,2023,'2023-03-01','2026-03-01','2029-03-01',13000,'AVAILABLE'),
(8,3,3,'51B-222.22','Hyundai County','Hyundai',29,2022,'2022-03-01','2026-03-01','2029-03-01',61000,'AVAILABLE'),
(9,5,3,'51C-333.33','Thaco Mobihome','Thaco',40,2021,'2021-03-01','2026-03-01','2029-03-01',120000,'MAINTENANCE');

-- Drivers (11: 4 HN, 4 DN, 3 HCM - vì chỉ có 28 users/employees)
-- Note: HCM chỉ có 3 driver vì userId 25-28 là 4 driver nhưng employeeId 25 là Driver HCM A
INSERT IGNORE INTO drivers (driverId, employeeId, branchId, licenseNumber, licenseClass, licenseExpiry, healthCheckDate, rating, priorityLevel, note, status, createdAt) VALUES
(1,7,1,'HN-D001','D','2028-12-31','2025-06-01',4.80,1,NULL,'AVAILABLE',NOW()),
(2,8,1,'HN-D002','E','2027-11-30','2025-07-01',4.90,2,NULL,'AVAILABLE',NOW()),
(3,9,1,'HN-D003','D','2029-01-15','2025-08-01',5.00,1,NULL,'ON_TRIP',NOW()),
(4,10,1,'HN-D004','E','2026-05-20','2025-03-01',4.70,3,NULL,'AVAILABLE',NOW()),
(5,16,2,'DN-D001','D','2028-10-10','2025-05-01',4.85,1,NULL,'AVAILABLE',NOW()),
(6,17,2,'DN-D002','E','2027-09-09','2025-04-01',4.75,2,NULL,'INACTIVE',NOW()),
(7,18,2,'DN-D003','D','2029-07-07','2025-10-01',4.95,1,NULL,'AVAILABLE',NOW()),
(8,19,2,'DN-D004','E','2026-04-04','2025-02-01',4.60,3,NULL,'AVAILABLE',NOW()),
(9,25,3,'HCM-D001','D','2028-12-12','2025-06-15',4.88,1,NULL,'AVAILABLE',NOW()),
(10,26,3,'HCM-D002','E','2027-10-10','2025-07-10',4.92,2,NULL,'AVAILABLE',NOW()),
(11,27,3,'HCM-D003','D','2029-08-08','2025-08-20',4.66,3,NULL,'ON_TRIP',NOW()),
(12,28,3,'HCM-D004','E','2026-06-06','2025-03-10',4.74,2,NULL,'AVAILABLE',NOW());

-- Customers (6)
INSERT IGNORE INTO customers (customerId, fullName, phone, email, address, note, createdAt, createdBy, status) VALUES
(1,'Công ty TNHH ABC','0987654321','contact@abc.com','Hà Nội',NULL,NOW(),3,'ACTIVE'),
(2,'Đoàn du lịch Hướng Việt','0987654322','info@huongviet.vn','TP. HCM',NULL,NOW(),22,'ACTIVE'),
(3,'Công ty CP XYZ','0987654323','hr@xyz.com','Đà Nẵng',NULL,NOW(),12,'ACTIVE'),
(4,'Gia đình ông Nguyễn','0987654324','nguyen.family@gmail.com','Hà Nội',NULL,NOW(),3,'ACTIVE'),
(5,'Trường quốc tế Vinschool','0987654325','school@vinschool.edu.vn','Hà Nội',NULL,NOW(),3,'ACTIVE'),
(6,'Công ty Du lịch Mặt Trời','0987000123','tour@suntravel.vn','TP. HCM',NULL,NOW(),21,'ACTIVE');

-- Generated bookings data from 2024-01 to 2025-12
-- Total bookings: 238

INSERT IGNORE INTO bookings (bookingId, customerId, branchId, consultantId, hireTypeId, useHighway, bookingDate, estimatedCost, depositAmount, totalCost, status, note, createdAt, updatedAt, isHoliday, isWeekend) VALUES
(1,2,1,3,6,0,'2024-01-01 12:15:00',2633306.00,1316653.00,2633306.00,'CANCELLED','Booking 1','2024-01-01 12:15:00','2024-01-01 12:15:00',0,0),
(2,5,1,4,1,1,'2024-01-07 11:00:00',2497498.00,1248749.00,2497498.00,'CANCELLED','Booking 2','2024-01-07 11:00:00','2024-01-07 11:00:00',0,1),
(3,3,1,3,2,0,'2024-01-23 14:30:00',3093530.00,1546765.00,3093530.00,'COMPLETED','Booking 3','2024-01-23 14:30:00','2024-01-23 14:30:00',0,0),
(4,6,3,22,6,0,'2024-01-13 09:30:00',2692201.00,1346100.00,2692201.00,'COMPLETED','Booking 4','2024-01-13 09:30:00','2024-01-13 09:30:00',0,1),
(5,2,3,22,6,0,'2024-01-06 13:30:00',4740345.00,2370172.00,4740345.00,'COMPLETED','Booking 5','2024-01-06 13:30:00','2024-01-06 13:30:00',0,1),
(6,4,2,12,1,1,'2024-01-27 08:30:00',2174554.00,1087277.00,2174554.00,'COMPLETED','Booking 6','2024-01-27 08:30:00','2024-01-27 08:30:00',0,1),
(7,2,1,4,1,0,'2024-01-19 14:30:00',1120531.00,560265.00,1120531.00,'COMPLETED','Booking 7','2024-01-19 14:30:00','2024-01-19 14:30:00',0,0),
(8,6,2,12,2,1,'2024-01-22 09:30:00',3403055.00,1701527.00,3403055.00,'COMPLETED','Booking 8','2024-01-22 09:30:00','2024-01-22 09:30:00',0,0),
(9,2,3,21,6,1,'2024-02-07 10:30:00',2581691.00,1290845.00,2581691.00,'CANCELLED','Booking 9','2024-02-07 10:30:00','2024-02-07 10:30:00',0,0),
(10,1,1,3,1,1,'2024-02-27 12:15:00',2395098.00,1197549.00,2395098.00,'COMPLETED','Booking 10','2024-02-27 12:15:00','2024-02-27 12:15:00',0,0),
(11,4,3,22,2,1,'2024-02-25 11:30:00',2539791.00,1269895.00,2539791.00,'COMPLETED','Booking 11','2024-02-25 11:30:00','2024-02-25 11:30:00',0,1),
(12,3,1,3,2,1,'2024-02-08 09:00:00',3761711.00,1880855.00,3761711.00,'COMPLETED','Booking 12','2024-02-08 09:00:00','2024-02-08 09:00:00',0,0),
(13,4,3,21,6,0,'2024-02-12 14:45:00',4188716.00,2094358.00,4188716.00,'COMPLETED','Booking 13','2024-02-12 14:45:00','2024-02-12 14:45:00',0,0),
(14,1,2,12,1,0,'2024-02-09 15:15:00',2380341.00,1190170.00,2380341.00,'COMPLETED','Booking 14','2024-02-09 15:15:00','2024-02-09 15:15:00',0,0),
(15,4,2,13,6,1,'2024-02-01 14:30:00',3296489.00,1648244.00,3296489.00,'COMPLETED','Booking 15','2024-02-01 14:30:00','2024-02-01 14:30:00',0,0),
(16,1,3,21,1,0,'2024-02-17 16:15:00',2216023.00,1108011.00,2216023.00,'COMPLETED','Booking 16','2024-02-17 16:15:00','2024-02-17 16:15:00',0,1),
(17,3,1,4,1,1,'2024-02-14 17:30:00',1074471.00,537235.00,1074471.00,'CANCELLED','Booking 17','2024-02-14 17:30:00','2024-02-14 17:30:00',0,0),
(18,4,3,21,1,0,'2024-02-11 09:00:00',1077781.00,538890.00,1077781.00,'CANCELLED','Booking 18','2024-02-11 09:00:00','2024-02-11 09:00:00',0,1),
(19,2,2,13,6,0,'2024-02-08 13:30:00',2934473.00,1467236.00,2934473.00,'CANCELLED','Booking 19','2024-02-08 13:30:00','2024-02-08 13:30:00',0,0),
(20,3,2,12,6,1,'2024-02-04 09:15:00',3607228.00,1803614.00,3607228.00,'COMPLETED','Booking 20','2024-02-04 09:15:00','2024-02-04 09:15:00',0,1),
(21,6,2,13,6,0,'2024-03-21 12:15:00',2815595.00,1407797.00,2815595.00,'COMPLETED','Booking 21','2024-03-21 12:15:00','2024-03-21 12:15:00',0,0),
(22,2,3,21,6,0,'2024-03-26 08:30:00',4848321.00,2424160.00,4848321.00,'CANCELLED','Booking 22','2024-03-26 08:30:00','2024-03-26 08:30:00',0,0),
(23,4,1,3,6,1,'2024-03-08 10:15:00',3540888.00,1770444.00,3540888.00,'CANCELLED','Booking 23','2024-03-08 10:15:00','2024-03-08 10:15:00',0,0),
(24,1,2,12,1,1,'2024-03-26 09:45:00',1440031.00,720015.00,1440031.00,'CANCELLED','Booking 24','2024-03-26 09:45:00','2024-03-26 09:45:00',0,0),
(25,3,2,12,2,1,'2024-03-01 11:45:00',3749051.00,1874525.00,3749051.00,'CANCELLED','Booking 25','2024-03-01 11:45:00','2024-03-01 11:45:00',0,0),
(26,5,2,12,1,1,'2024-03-04 12:15:00',2327869.00,1163934.00,2327869.00,'CANCELLED','Booking 26','2024-03-04 12:15:00','2024-03-04 12:15:00',0,0),
(27,4,3,21,2,0,'2024-03-20 16:00:00',1507093.00,753546.00,1507093.00,'CANCELLED','Booking 27','2024-03-20 16:00:00','2024-03-20 16:00:00',0,0),
(28,6,2,13,6,0,'2024-03-12 14:00:00',4627025.00,2313512.00,4627025.00,'CANCELLED','Booking 28','2024-03-12 14:00:00','2024-03-12 14:00:00',0,0),
(29,5,1,3,2,1,'2024-03-11 14:30:00',3887000.00,1943500.00,3887000.00,'COMPLETED','Booking 29','2024-03-11 14:30:00','2024-03-11 14:30:00',0,0),
(30,6,1,3,2,1,'2024-04-22 11:45:00',2485110.00,1242555.00,2485110.00,'COMPLETED','Booking 30','2024-04-22 11:45:00','2024-04-22 11:45:00',0,0),
(31,6,3,22,2,1,'2024-04-15 14:15:00',2118959.00,1059479.00,2118959.00,'COMPLETED','Booking 31','2024-04-15 14:15:00','2024-04-15 14:15:00',0,0),
(32,2,2,13,2,1,'2024-04-08 09:45:00',2167556.00,1083778.00,2167556.00,'CANCELLED','Booking 32','2024-04-08 09:45:00','2024-04-08 09:45:00',0,0),
(33,5,2,12,2,1,'2024-04-09 11:30:00',2698430.00,1349215.00,2698430.00,'COMPLETED','Booking 33','2024-04-09 11:30:00','2024-04-09 11:30:00',0,0),
(34,4,2,13,6,1,'2024-04-23 11:00:00',2761161.00,1380580.00,2761161.00,'CANCELLED','Booking 34','2024-04-23 11:00:00','2024-04-23 11:00:00',0,0),
(35,5,2,13,1,1,'2024-04-13 17:00:00',2380151.00,1190075.00,2380151.00,'CANCELLED','Booking 35','2024-04-13 17:00:00','2024-04-13 17:00:00',0,1),
(36,4,1,4,2,1,'2024-04-18 16:15:00',3130985.00,1565492.00,3130985.00,'COMPLETED','Booking 36','2024-04-18 16:15:00','2024-04-18 16:15:00',0,0),
(37,4,1,3,2,1,'2024-04-03 14:15:00',2387767.00,1193883.00,2387767.00,'CANCELLED','Booking 37','2024-04-03 14:15:00','2024-04-03 14:15:00',0,0),
(38,4,2,12,2,0,'2024-04-11 14:30:00',2967840.00,1483920.00,2967840.00,'COMPLETED','Booking 38','2024-04-11 14:30:00','2024-04-11 14:30:00',0,0),
(39,4,3,22,2,0,'2024-04-16 09:15:00',2186883.00,1093441.00,2186883.00,'COMPLETED','Booking 39','2024-04-16 09:15:00','2024-04-16 09:15:00',0,0),
(40,5,1,4,6,1,'2024-04-04 12:00:00',2789225.00,1394612.00,2789225.00,'CANCELLED','Booking 40','2024-04-04 12:00:00','2024-04-04 12:00:00',0,0),
(41,1,2,13,6,1,'2024-05-28 14:45:00',4326565.00,2163282.00,4326565.00,'COMPLETED','Booking 41','2024-05-28 14:45:00','2024-05-28 14:45:00',0,0),
(42,4,3,22,2,0,'2024-05-09 15:15:00',2863208.00,1431604.00,2863208.00,'CANCELLED','Booking 42','2024-05-09 15:15:00','2024-05-09 15:15:00',0,0),
(43,3,2,13,6,0,'2024-05-07 13:30:00',2859086.00,1429543.00,2859086.00,'COMPLETED','Booking 43','2024-05-07 13:30:00','2024-05-07 13:30:00',0,0),
(44,4,3,21,2,1,'2024-05-03 12:15:00',3821433.00,1910716.00,3821433.00,'CANCELLED','Booking 44','2024-05-03 12:15:00','2024-05-03 12:15:00',0,0),
(45,3,3,22,2,1,'2024-05-14 16:30:00',2466946.00,1233473.00,2466946.00,'CANCELLED','Booking 45','2024-05-14 16:30:00','2024-05-14 16:30:00',0,0),
(46,2,1,4,2,1,'2024-05-11 09:15:00',2314188.00,1157094.00,2314188.00,'COMPLETED','Booking 46','2024-05-11 09:15:00','2024-05-11 09:15:00',0,1),
(47,6,1,4,1,0,'2024-05-02 16:30:00',1784396.00,892198.00,1784396.00,'CANCELLED','Booking 47','2024-05-02 16:30:00','2024-05-02 16:30:00',0,0),
(48,3,2,12,1,1,'2024-05-11 10:00:00',955361.00,477680.00,955361.00,'CANCELLED','Booking 48','2024-05-11 10:00:00','2024-05-11 10:00:00',0,1),
(49,1,1,3,6,1,'2024-06-05 17:30:00',4691828.00,2345914.00,4691828.00,'COMPLETED','Booking 49','2024-06-05 17:30:00','2024-06-05 17:30:00',0,0),
(50,3,3,21,1,0,'2024-06-25 11:15:00',1957611.00,978805.00,1957611.00,'COMPLETED','Booking 50','2024-06-25 11:15:00','2024-06-25 11:15:00',0,0),
(51,1,3,21,2,0,'2024-06-10 12:45:00',1981406.00,990703.00,1981406.00,'CANCELLED','Booking 51','2024-06-10 12:45:00','2024-06-10 12:45:00',0,0),
(52,2,1,3,1,1,'2024-06-21 10:30:00',1720971.00,860485.00,1720971.00,'CANCELLED','Booking 52','2024-06-21 10:30:00','2024-06-21 10:30:00',0,0),
(53,3,3,22,2,0,'2024-06-23 12:45:00',3312059.00,1656029.00,3312059.00,'COMPLETED','Booking 53','2024-06-23 12:45:00','2024-06-23 12:45:00',0,1),
(54,4,3,22,2,0,'2024-06-19 08:15:00',3562447.00,1781223.00,3562447.00,'CANCELLED','Booking 54','2024-06-19 08:15:00','2024-06-19 08:15:00',0,0),
(55,3,3,21,1,1,'2024-06-12 14:30:00',2254739.00,1127369.00,2254739.00,'CANCELLED','Booking 55','2024-06-12 14:30:00','2024-06-12 14:30:00',0,0),
(56,4,1,4,2,1,'2024-06-22 14:00:00',3195233.00,1597616.00,3195233.00,'COMPLETED','Booking 56','2024-06-22 14:00:00','2024-06-22 14:00:00',0,1),
(57,2,2,12,2,1,'2024-06-21 15:00:00',2009297.00,1004648.00,2009297.00,'CANCELLED','Booking 57','2024-06-21 15:00:00','2024-06-21 15:00:00',0,0),
(58,5,2,12,1,0,'2024-07-10 16:00:00',1046344.00,523172.00,1046344.00,'CANCELLED','Booking 58','2024-07-10 16:00:00','2024-07-10 16:00:00',0,0),
(59,4,2,13,1,1,'2024-07-23 12:30:00',1604438.00,802219.00,1604438.00,'COMPLETED','Booking 59','2024-07-23 12:30:00','2024-07-23 12:30:00',0,0),
(60,2,2,13,2,1,'2024-07-24 12:45:00',3409853.00,1704926.00,3409853.00,'CANCELLED','Booking 60','2024-07-24 12:45:00','2024-07-24 12:45:00',0,0),
(61,2,2,12,2,1,'2024-07-23 11:45:00',3119331.00,1559665.00,3119331.00,'CANCELLED','Booking 61','2024-07-23 11:45:00','2024-07-23 11:45:00',0,0),
(62,1,2,12,6,1,'2024-07-02 10:30:00',3104631.00,1552315.00,3104631.00,'COMPLETED','Booking 62','2024-07-02 10:30:00','2024-07-02 10:30:00',0,0),
(63,3,3,22,6,0,'2024-07-28 13:45:00',3484697.00,1742348.00,3484697.00,'COMPLETED','Booking 63','2024-07-28 13:45:00','2024-07-28 13:45:00',0,1),
(64,1,2,13,2,1,'2024-07-01 08:30:00',2524238.00,1262119.00,2524238.00,'COMPLETED','Booking 64','2024-07-01 08:30:00','2024-07-01 08:30:00',0,0),
(65,2,2,13,2,1,'2024-07-16 17:15:00',3451413.00,1725706.00,3451413.00,'COMPLETED','Booking 65','2024-07-16 17:15:00','2024-07-16 17:15:00',0,0),
(66,4,2,12,1,1,'2024-07-15 12:15:00',2005467.00,1002733.00,2005467.00,'CANCELLED','Booking 66','2024-07-15 12:15:00','2024-07-15 12:15:00',0,0),
(67,1,3,21,6,1,'2024-08-27 14:30:00',3465186.00,1732593.00,3465186.00,'CANCELLED','Booking 67','2024-08-27 14:30:00','2024-08-27 14:30:00',0,0),
(68,6,3,21,6,0,'2024-08-08 11:30:00',3795758.00,1897879.00,3795758.00,'COMPLETED','Booking 68','2024-08-08 11:30:00','2024-08-08 11:30:00',0,0),
(69,5,3,22,1,1,'2024-08-05 16:30:00',2491328.00,1245664.00,2491328.00,'CANCELLED','Booking 69','2024-08-05 16:30:00','2024-08-05 16:30:00',0,0),
(70,1,1,3,6,1,'2024-08-26 09:45:00',2878757.00,1439378.00,2878757.00,'CANCELLED','Booking 70','2024-08-26 09:45:00','2024-08-26 09:45:00',0,0),
(71,4,2,13,6,1,'2024-08-09 16:00:00',2954436.00,1477218.00,2954436.00,'CANCELLED','Booking 71','2024-08-09 16:00:00','2024-08-09 16:00:00',0,0),
(72,5,1,3,6,1,'2024-08-01 17:30:00',4212516.00,2106258.00,4212516.00,'CANCELLED','Booking 72','2024-08-01 17:30:00','2024-08-01 17:30:00',0,0),
(73,4,1,3,1,0,'2024-08-02 08:30:00',1751359.00,875679.00,1751359.00,'CANCELLED','Booking 73','2024-08-02 08:30:00','2024-08-02 08:30:00',0,0),
(74,6,1,4,6,1,'2024-08-19 10:45:00',2637222.00,1318611.00,2637222.00,'CANCELLED','Booking 74','2024-08-19 10:45:00','2024-08-19 10:45:00',0,0),
(75,1,3,22,6,1,'2024-09-15 11:30:00',4169918.00,2084959.00,4169918.00,'COMPLETED','Booking 75','2024-09-15 11:30:00','2024-09-15 11:30:00',0,1),
(76,1,3,21,6,0,'2024-09-08 10:15:00',3878078.00,1939039.00,3878078.00,'COMPLETED','Booking 76','2024-09-08 10:15:00','2024-09-08 10:15:00',0,1),
(77,2,3,22,1,0,'2024-09-05 08:30:00',909888.00,454944.00,909888.00,'CANCELLED','Booking 77','2024-09-05 08:30:00','2024-09-05 08:30:00',0,0),
(78,4,2,13,6,0,'2024-09-17 09:00:00',4613252.00,2306626.00,4613252.00,'CANCELLED','Booking 78','2024-09-17 09:00:00','2024-09-17 09:00:00',0,0),
(79,4,3,21,1,1,'2024-09-24 16:30:00',1693960.00,846980.00,1693960.00,'CANCELLED','Booking 79','2024-09-24 16:30:00','2024-09-24 16:30:00',0,0),
(80,1,2,12,1,0,'2024-09-23 15:00:00',2109288.00,1054644.00,2109288.00,'CANCELLED','Booking 80','2024-09-23 15:00:00','2024-09-23 15:00:00',0,0),
(81,4,3,22,1,0,'2024-09-13 17:30:00',1701922.00,850961.00,1701922.00,'COMPLETED','Booking 81','2024-09-13 17:30:00','2024-09-13 17:30:00',0,0),
(82,2,3,22,1,0,'2024-09-11 12:30:00',995517.00,497758.00,995517.00,'COMPLETED','Booking 82','2024-09-11 12:30:00','2024-09-11 12:30:00',0,0),
(83,6,1,4,6,1,'2024-09-14 13:45:00',2934532.00,1467266.00,2934532.00,'CANCELLED','Booking 83','2024-09-14 13:45:00','2024-09-14 13:45:00',0,1),
(84,1,2,13,1,1,'2024-09-05 15:15:00',2492865.00,1246432.00,2492865.00,'COMPLETED','Booking 84','2024-09-05 15:15:00','2024-09-05 15:15:00',0,0),
(85,5,3,22,1,0,'2024-09-01 10:15:00',992429.00,496214.00,992429.00,'COMPLETED','Booking 85','2024-09-01 10:15:00','2024-09-01 10:15:00',0,1),
(86,2,1,3,6,0,'2024-10-20 09:00:00',4358550.00,2179275.00,4358550.00,'CANCELLED','Booking 86','2024-10-20 09:00:00','2024-10-20 09:00:00',0,1),
(87,3,1,3,2,1,'2024-10-20 15:45:00',2688021.00,1344010.00,2688021.00,'COMPLETED','Booking 87','2024-10-20 15:45:00','2024-10-20 15:45:00',0,1),
(88,3,2,13,1,0,'2024-10-10 11:15:00',2366602.00,1183301.00,2366602.00,'CANCELLED','Booking 88','2024-10-10 11:15:00','2024-10-10 11:15:00',0,0),
(89,5,3,22,1,1,'2024-10-05 14:15:00',1714818.00,857409.00,1714818.00,'COMPLETED','Booking 89','2024-10-05 14:15:00','2024-10-05 14:15:00',0,1),
(90,2,3,22,6,1,'2024-10-13 08:30:00',4331701.00,2165850.00,4331701.00,'COMPLETED','Booking 90','2024-10-13 08:30:00','2024-10-13 08:30:00',0,1),
(91,1,3,21,6,0,'2024-10-08 13:15:00',3972619.00,1986309.00,3972619.00,'CANCELLED','Booking 91','2024-10-08 13:15:00','2024-10-08 13:15:00',0,0),
(92,2,1,3,6,0,'2024-10-04 10:30:00',4572477.00,2286238.00,4572477.00,'COMPLETED','Booking 92','2024-10-04 10:30:00','2024-10-04 10:30:00',0,0),
(93,3,3,21,2,1,'2024-10-26 12:00:00',1657736.00,828868.00,1657736.00,'CANCELLED','Booking 93','2024-10-26 12:00:00','2024-10-26 12:00:00',0,1),
(94,6,1,4,2,0,'2024-10-27 12:00:00',3897701.00,1948850.00,3897701.00,'CANCELLED','Booking 94','2024-10-27 12:00:00','2024-10-27 12:00:00',0,1),
(95,1,2,12,2,0,'2024-10-20 15:15:00',1664173.00,832086.00,1664173.00,'COMPLETED','Booking 95','2024-10-20 15:15:00','2024-10-20 15:15:00',0,1),
(96,6,3,22,1,1,'2024-10-25 13:00:00',1970133.00,985066.00,1970133.00,'COMPLETED','Booking 96','2024-10-25 13:00:00','2024-10-25 13:00:00',0,0),
(97,5,3,21,2,1,'2024-10-21 14:15:00',2036005.00,1018002.00,2036005.00,'CANCELLED','Booking 97','2024-10-21 14:15:00','2024-10-21 14:15:00',0,0),
(98,3,2,12,1,1,'2024-11-17 13:00:00',1202664.00,601332.00,1202664.00,'CANCELLED','Booking 98','2024-11-17 13:00:00','2024-11-17 13:00:00',0,1),
(99,1,3,21,6,1,'2024-11-05 09:30:00',4080077.00,2040038.00,4080077.00,'COMPLETED','Booking 99','2024-11-05 09:30:00','2024-11-05 09:30:00',0,0),
(100,6,2,12,6,0,'2024-11-15 17:30:00',4467194.00,2233597.00,4467194.00,'CANCELLED','Booking 100','2024-11-15 17:30:00','2024-11-15 17:30:00',0,0),
(101,4,2,13,6,1,'2024-11-22 17:45:00',3337592.00,1668796.00,3337592.00,'COMPLETED','Booking 101','2024-11-22 17:45:00','2024-11-22 17:45:00',0,0),
(102,1,1,4,2,0,'2024-11-28 09:30:00',1884674.00,942337.00,1884674.00,'CANCELLED','Booking 102','2024-11-28 09:30:00','2024-11-28 09:30:00',0,0),
(103,1,2,13,1,1,'2024-11-12 08:45:00',1586248.00,793124.00,1586248.00,'COMPLETED','Booking 103','2024-11-12 08:45:00','2024-11-12 08:45:00',0,0),
(104,4,3,21,1,0,'2024-11-23 10:45:00',1252260.00,626130.00,1252260.00,'CANCELLED','Booking 104','2024-11-23 10:45:00','2024-11-23 10:45:00',0,1),
(105,3,1,3,1,1,'2024-11-04 12:15:00',931716.00,465858.00,931716.00,'CANCELLED','Booking 105','2024-11-04 12:15:00','2024-11-04 12:15:00',0,0),
(106,6,3,21,6,0,'2024-11-20 16:00:00',4300358.00,2150179.00,4300358.00,'CANCELLED','Booking 106','2024-11-20 16:00:00','2024-11-20 16:00:00',0,0),
(107,2,3,21,6,1,'2024-11-08 17:45:00',4706453.00,2353226.00,4706453.00,'COMPLETED','Booking 107','2024-11-08 17:45:00','2024-11-08 17:45:00',0,0),
(108,2,3,21,6,1,'2024-11-12 09:30:00',2685957.00,1342978.00,2685957.00,'COMPLETED','Booking 108','2024-11-12 09:30:00','2024-11-12 09:30:00',0,0),
(109,2,1,4,2,1,'2024-12-10 11:00:00',2562474.00,1281237.00,2562474.00,'CANCELLED','Booking 109','2024-12-10 11:00:00','2024-12-10 11:00:00',0,0),
(110,6,2,13,1,1,'2024-12-10 13:00:00',1638906.00,819453.00,1638906.00,'CANCELLED','Booking 110','2024-12-10 13:00:00','2024-12-10 13:00:00',0,0),
(111,6,2,13,6,1,'2024-12-11 10:45:00',4280480.00,2140240.00,4280480.00,'COMPLETED','Booking 111','2024-12-11 10:45:00','2024-12-11 10:45:00',0,0),
(112,2,3,22,2,1,'2024-12-10 15:45:00',2978740.00,1489370.00,2978740.00,'COMPLETED','Booking 112','2024-12-10 15:45:00','2024-12-10 15:45:00',0,0),
(113,2,3,22,1,0,'2024-12-26 10:00:00',1294918.00,647459.00,1294918.00,'COMPLETED','Booking 113','2024-12-26 10:00:00','2024-12-26 10:00:00',0,0),
(114,5,2,13,2,1,'2024-12-15 09:15:00',1975837.00,987918.00,1975837.00,'COMPLETED','Booking 114','2024-12-15 09:15:00','2024-12-15 09:15:00',0,1),
(115,6,2,12,1,0,'2024-12-07 17:30:00',1748002.00,874001.00,1748002.00,'COMPLETED','Booking 115','2024-12-07 17:30:00','2024-12-07 17:30:00',0,1),
(116,5,1,3,1,0,'2024-12-23 10:30:00',2457532.00,1228766.00,2457532.00,'COMPLETED','Booking 116','2024-12-23 10:30:00','2024-12-23 10:30:00',0,0),
(117,5,2,13,6,0,'2025-01-10 14:45:00',3829710.00,1914855.00,3829710.00,'COMPLETED','Booking 117','2025-01-10 14:45:00','2025-01-10 14:45:00',0,0),
(118,5,1,4,1,0,'2025-01-17 08:00:00',2287577.00,1143788.00,2287577.00,'CANCELLED','Booking 118','2025-01-17 08:00:00','2025-01-17 08:00:00',0,0),
(119,3,1,4,1,1,'2025-01-17 12:00:00',1853972.00,926986.00,1853972.00,'COMPLETED','Booking 119','2025-01-17 12:00:00','2025-01-17 12:00:00',0,0),
(120,6,1,4,6,0,'2025-01-21 17:30:00',4788317.00,2394158.00,4788317.00,'CANCELLED','Booking 120','2025-01-21 17:30:00','2025-01-21 17:30:00',0,0),
(121,3,2,12,6,0,'2025-01-16 11:45:00',4343839.00,2171919.00,4343839.00,'COMPLETED','Booking 121','2025-01-16 11:45:00','2025-01-16 11:45:00',0,0),
(122,2,2,12,2,0,'2025-01-24 13:45:00',2013894.00,1006947.00,2013894.00,'CANCELLED','Booking 122','2025-01-24 13:45:00','2025-01-24 13:45:00',0,0),
(123,1,2,13,6,1,'2025-01-08 10:00:00',3169828.00,1584914.00,3169828.00,'COMPLETED','Booking 123','2025-01-08 10:00:00','2025-01-08 10:00:00',0,0),
(124,5,2,12,1,1,'2025-01-01 09:45:00',905990.00,452995.00,905990.00,'COMPLETED','Booking 124','2025-01-01 09:45:00','2025-01-01 09:45:00',0,0),
(125,1,3,21,2,1,'2025-02-12 08:45:00',3120464.00,1560232.00,3120464.00,'COMPLETED','Booking 125','2025-02-12 08:45:00','2025-02-12 08:45:00',0,0),
(126,2,3,22,6,0,'2025-02-18 13:15:00',2663217.00,1331608.00,2663217.00,'COMPLETED','Booking 126','2025-02-18 13:15:00','2025-02-18 13:15:00',0,0),
(127,5,2,13,6,1,'2025-02-06 14:30:00',2569780.00,1284890.00,2569780.00,'CANCELLED','Booking 127','2025-02-06 14:30:00','2025-02-06 14:30:00',0,0),
(128,5,2,12,6,1,'2025-02-22 09:45:00',4926297.00,2463148.00,4926297.00,'CANCELLED','Booking 128','2025-02-22 09:45:00','2025-02-22 09:45:00',0,1),
(129,2,3,22,1,0,'2025-02-24 08:45:00',2000766.00,1000383.00,2000766.00,'COMPLETED','Booking 129','2025-02-24 08:45:00','2025-02-24 08:45:00',0,0),
(130,6,3,21,6,0,'2025-02-14 16:45:00',4852529.00,2426264.00,4852529.00,'COMPLETED','Booking 130','2025-02-14 16:45:00','2025-02-14 16:45:00',0,0),
(131,2,1,4,6,1,'2025-02-22 12:45:00',3748285.00,1874142.00,3748285.00,'COMPLETED','Booking 131','2025-02-22 12:45:00','2025-02-22 12:45:00',0,1),
(132,4,2,12,2,0,'2025-02-19 16:45:00',1831473.00,915736.00,1831473.00,'CANCELLED','Booking 132','2025-02-19 16:45:00','2025-02-19 16:45:00',0,0),
(133,2,1,4,6,1,'2025-02-21 12:45:00',2958129.00,1479064.00,2958129.00,'COMPLETED','Booking 133','2025-02-21 12:45:00','2025-02-21 12:45:00',0,0),
(134,6,1,3,6,0,'2025-02-23 15:00:00',4495228.00,2247614.00,4495228.00,'CANCELLED','Booking 134','2025-02-23 15:00:00','2025-02-23 15:00:00',0,1),
(135,3,3,21,1,0,'2025-02-25 12:30:00',1167137.00,583568.00,1167137.00,'COMPLETED','Booking 135','2025-02-25 12:30:00','2025-02-25 12:30:00',0,0),
(136,3,2,13,1,1,'2025-03-20 09:30:00',1204354.00,602177.00,1204354.00,'CANCELLED','Booking 136','2025-03-20 09:30:00','2025-03-20 09:30:00',0,0),
(137,6,1,3,6,1,'2025-03-06 15:30:00',4881447.00,2440723.00,4881447.00,'CANCELLED','Booking 137','2025-03-06 15:30:00','2025-03-06 15:30:00',0,0),
(138,5,2,12,2,0,'2025-03-20 14:45:00',2089768.00,1044884.00,2089768.00,'COMPLETED','Booking 138','2025-03-20 14:45:00','2025-03-20 14:45:00',0,0),
(139,3,3,22,6,0,'2025-03-10 17:00:00',2995870.00,1497935.00,2995870.00,'COMPLETED','Booking 139','2025-03-10 17:00:00','2025-03-10 17:00:00',0,0),
(140,2,2,13,2,1,'2025-03-08 10:45:00',2537945.00,1268972.00,2537945.00,'COMPLETED','Booking 140','2025-03-08 10:45:00','2025-03-08 10:45:00',0,1),
(141,2,2,13,1,0,'2025-03-17 11:15:00',990718.00,495359.00,990718.00,'CANCELLED','Booking 141','2025-03-17 11:15:00','2025-03-17 11:15:00',0,0),
(142,2,3,22,2,0,'2025-03-26 08:45:00',2792556.00,1396278.00,2792556.00,'CANCELLED','Booking 142','2025-03-26 08:45:00','2025-03-26 08:45:00',0,0),
(143,5,1,3,2,1,'2025-03-09 08:15:00',3769804.00,1884902.00,3769804.00,'COMPLETED','Booking 143','2025-03-09 08:15:00','2025-03-09 08:15:00',0,1),
(144,4,2,12,6,0,'2025-03-12 14:45:00',2997583.00,1498791.00,2997583.00,'CANCELLED','Booking 144','2025-03-12 14:45:00','2025-03-12 14:45:00',0,0),
(145,1,1,4,2,1,'2025-03-17 10:15:00',2463280.00,1231640.00,2463280.00,'CANCELLED','Booking 145','2025-03-17 10:15:00','2025-03-17 10:15:00',0,0),
(146,2,3,21,1,1,'2025-03-12 10:30:00',1304713.00,652356.00,1304713.00,'COMPLETED','Booking 146','2025-03-12 10:30:00','2025-03-12 10:30:00',0,0),
(147,5,1,3,1,1,'2025-03-13 15:15:00',2334103.00,1167051.00,2334103.00,'COMPLETED','Booking 147','2025-03-13 15:15:00','2025-03-13 15:15:00',0,0),
(148,6,3,22,6,1,'2025-04-02 16:15:00',3944580.00,1972290.00,3944580.00,'COMPLETED','Booking 148','2025-04-02 16:15:00','2025-04-02 16:15:00',0,0),
(149,6,1,4,1,1,'2025-04-08 11:30:00',1968715.00,984357.00,1968715.00,'CANCELLED','Booking 149','2025-04-08 11:30:00','2025-04-08 11:30:00',0,0),
(150,2,2,12,2,1,'2025-04-13 11:30:00',3746618.00,1873309.00,3746618.00,'COMPLETED','Booking 150','2025-04-13 11:30:00','2025-04-13 11:30:00',0,1),
(151,3,2,12,1,0,'2025-04-07 15:15:00',2366319.00,1183159.00,2366319.00,'COMPLETED','Booking 151','2025-04-07 15:15:00','2025-04-07 15:15:00',0,0),
(152,3,2,13,2,0,'2025-04-18 13:30:00',2843155.00,1421577.00,2843155.00,'CANCELLED','Booking 152','2025-04-18 13:30:00','2025-04-18 13:30:00',0,0),
(153,5,1,3,1,1,'2025-04-11 14:00:00',1419063.00,709531.00,1419063.00,'CANCELLED','Booking 153','2025-04-11 14:00:00','2025-04-11 14:00:00',0,0),
(154,5,1,4,6,1,'2025-04-11 11:45:00',4549425.00,2274712.00,4549425.00,'CANCELLED','Booking 154','2025-04-11 11:45:00','2025-04-11 11:45:00',0,0),
(155,2,3,22,1,0,'2025-04-06 13:15:00',955882.00,477941.00,955882.00,'COMPLETED','Booking 155','2025-04-06 13:15:00','2025-04-06 13:15:00',0,1),
(156,5,3,22,6,1,'2025-04-15 13:00:00',2527734.00,1263867.00,2527734.00,'COMPLETED','Booking 156','2025-04-15 13:00:00','2025-04-15 13:00:00',0,0),
(157,1,3,21,1,0,'2025-04-26 10:00:00',1543316.00,771658.00,1543316.00,'CANCELLED','Booking 157','2025-04-26 10:00:00','2025-04-26 10:00:00',0,1),
(158,5,1,3,2,0,'2025-05-12 14:45:00',1892169.00,946084.00,1892169.00,'COMPLETED','Booking 158','2025-05-12 14:45:00','2025-05-12 14:45:00',0,0),
(159,6,2,12,6,0,'2025-05-03 15:45:00',3386747.00,1693373.00,3386747.00,'COMPLETED','Booking 159','2025-05-03 15:45:00','2025-05-03 15:45:00',0,1),
(160,6,2,12,2,0,'2025-05-01 11:15:00',3876894.00,1938447.00,3876894.00,'COMPLETED','Booking 160','2025-05-01 11:15:00','2025-05-01 11:15:00',0,0),
(161,5,3,22,2,0,'2025-05-08 09:30:00',3389744.00,1694872.00,3389744.00,'CANCELLED','Booking 161','2025-05-08 09:30:00','2025-05-08 09:30:00',0,0),
(162,4,1,4,1,1,'2025-05-12 16:45:00',2295496.00,1147748.00,2295496.00,'COMPLETED','Booking 162','2025-05-12 16:45:00','2025-05-12 16:45:00',0,0),
(163,4,2,13,1,0,'2025-05-03 08:30:00',1192989.00,596494.00,1192989.00,'COMPLETED','Booking 163','2025-05-03 08:30:00','2025-05-03 08:30:00',0,1),
(164,3,2,13,1,0,'2025-05-28 14:00:00',2237211.00,1118605.00,2237211.00,'COMPLETED','Booking 164','2025-05-28 14:00:00','2025-05-28 14:00:00',0,0),
(165,3,2,12,2,1,'2025-05-14 12:45:00',3579546.00,1789773.00,3579546.00,'COMPLETED','Booking 165','2025-05-14 12:45:00','2025-05-14 12:45:00',0,0),
(166,6,3,21,2,1,'2025-06-15 13:45:00',3509112.00,1754556.00,3509112.00,'COMPLETED','Booking 166','2025-06-15 13:45:00','2025-06-15 13:45:00',0,1),
(167,4,2,12,6,0,'2025-06-11 14:30:00',4807283.00,2403641.00,4807283.00,'COMPLETED','Booking 167','2025-06-11 14:30:00','2025-06-11 14:30:00',0,0),
(168,6,2,13,1,1,'2025-06-08 12:15:00',2021054.00,1010527.00,2021054.00,'CANCELLED','Booking 168','2025-06-08 12:15:00','2025-06-08 12:15:00',0,1),
(169,6,3,21,1,0,'2025-06-18 08:30:00',1148837.00,574418.00,1148837.00,'CANCELLED','Booking 169','2025-06-18 08:30:00','2025-06-18 08:30:00',0,0),
(170,4,1,3,1,1,'2025-06-19 14:30:00',1870965.00,935482.00,1870965.00,'COMPLETED','Booking 170','2025-06-19 14:30:00','2025-06-19 14:30:00',0,0),
(171,4,1,3,6,0,'2025-06-16 09:30:00',3808162.00,1904081.00,3808162.00,'CANCELLED','Booking 171','2025-06-16 09:30:00','2025-06-16 09:30:00',0,0),
(172,3,2,12,2,1,'2025-06-26 11:45:00',1781749.00,890874.00,1781749.00,'CANCELLED','Booking 172','2025-06-26 11:45:00','2025-06-26 11:45:00',0,0),
(173,3,3,21,6,0,'2025-06-26 09:00:00',4664235.00,2332117.00,4664235.00,'COMPLETED','Booking 173','2025-06-26 09:00:00','2025-06-26 09:00:00',0,0),
(174,1,3,21,2,1,'2025-06-06 14:45:00',1518664.00,759332.00,1518664.00,'CANCELLED','Booking 174','2025-06-06 14:45:00','2025-06-06 14:45:00',0,0),
(175,5,1,4,2,0,'2025-06-09 09:00:00',1977961.00,988980.00,1977961.00,'CANCELLED','Booking 175','2025-06-09 09:00:00','2025-06-09 09:00:00',0,0),
(176,5,2,12,2,1,'2025-07-21 13:45:00',2223632.00,1111816.00,2223632.00,'CANCELLED','Booking 176','2025-07-21 13:45:00','2025-07-21 13:45:00',0,0),
(177,1,1,4,1,0,'2025-07-22 10:30:00',2254241.00,1127120.00,2254241.00,'CANCELLED','Booking 177','2025-07-22 10:30:00','2025-07-22 10:30:00',0,0),
(178,5,2,13,1,1,'2025-07-14 17:15:00',1963736.00,981868.00,1963736.00,'COMPLETED','Booking 178','2025-07-14 17:15:00','2025-07-14 17:15:00',0,0),
(179,4,3,22,2,1,'2025-07-16 10:15:00',3361649.00,1680824.00,3361649.00,'CANCELLED','Booking 179','2025-07-16 10:15:00','2025-07-16 10:15:00',0,0),
(180,2,2,12,2,0,'2025-07-03 17:00:00',2205519.00,1102759.00,2205519.00,'CANCELLED','Booking 180','2025-07-03 17:00:00','2025-07-03 17:00:00',0,0),
(181,5,1,4,6,1,'2025-07-18 16:00:00',4351225.00,2175612.00,4351225.00,'COMPLETED','Booking 181','2025-07-18 16:00:00','2025-07-18 16:00:00',0,0),
(182,1,1,3,6,1,'2025-07-28 09:45:00',3196177.00,1598088.00,3196177.00,'CANCELLED','Booking 182','2025-07-28 09:45:00','2025-07-28 09:45:00',0,0),
(183,1,3,22,6,1,'2025-07-26 11:15:00',3857501.00,1928750.00,3857501.00,'COMPLETED','Booking 183','2025-07-26 11:15:00','2025-07-26 11:15:00',0,1),
(184,2,3,22,1,1,'2025-07-23 10:15:00',1098155.00,549077.00,1098155.00,'CANCELLED','Booking 184','2025-07-23 10:15:00','2025-07-23 10:15:00',0,0),
(185,4,1,3,2,1,'2025-07-21 14:45:00',3407131.00,1703565.00,3407131.00,'CANCELLED','Booking 185','2025-07-21 14:45:00','2025-07-21 14:45:00',0,0),
(186,6,2,13,1,1,'2025-07-19 08:00:00',1701026.00,850513.00,1701026.00,'COMPLETED','Booking 186','2025-07-19 08:00:00','2025-07-19 08:00:00',0,1),
(187,1,1,4,1,0,'2025-07-26 13:00:00',1725443.00,862721.00,1725443.00,'COMPLETED','Booking 187','2025-07-26 13:00:00','2025-07-26 13:00:00',0,1),
(188,1,2,13,6,0,'2025-08-03 13:15:00',2882517.00,1441258.00,2882517.00,'CANCELLED','Booking 188','2025-08-03 13:15:00','2025-08-03 13:15:00',0,1),
(189,2,3,21,6,1,'2025-08-07 15:00:00',2533816.00,1266908.00,2533816.00,'COMPLETED','Booking 189','2025-08-07 15:00:00','2025-08-07 15:00:00',0,0),
(190,3,1,4,1,0,'2025-08-04 13:30:00',1912556.00,956278.00,1912556.00,'COMPLETED','Booking 190','2025-08-04 13:30:00','2025-08-04 13:30:00',0,0),
(191,1,1,3,6,1,'2025-08-28 11:00:00',4300986.00,2150493.00,4300986.00,'CANCELLED','Booking 191','2025-08-28 11:00:00','2025-08-28 11:00:00',0,0),
(192,2,3,22,6,0,'2025-08-08 12:00:00',3361701.00,1680850.00,3361701.00,'CANCELLED','Booking 192','2025-08-08 12:00:00','2025-08-08 12:00:00',0,0),
(193,6,1,3,2,1,'2025-08-24 14:30:00',2511170.00,1255585.00,2511170.00,'COMPLETED','Booking 193','2025-08-24 14:30:00','2025-08-24 14:30:00',0,1),
(194,1,1,3,1,1,'2025-08-22 10:45:00',883522.00,441761.00,883522.00,'COMPLETED','Booking 194','2025-08-22 10:45:00','2025-08-22 10:45:00',0,0),
(195,3,1,4,1,0,'2025-08-18 17:15:00',1924891.00,962445.00,1924891.00,'COMPLETED','Booking 195','2025-08-18 17:15:00','2025-08-18 17:15:00',0,0),
(196,3,3,21,1,0,'2025-08-04 15:00:00',2271151.00,1135575.00,2271151.00,'COMPLETED','Booking 196','2025-08-04 15:00:00','2025-08-04 15:00:00',0,0),
(197,3,2,13,6,0,'2025-08-24 09:00:00',4918652.00,2459326.00,4918652.00,'CANCELLED','Booking 197','2025-08-24 09:00:00','2025-08-24 09:00:00',0,1),
(198,4,3,21,2,0,'2025-09-17 13:00:00',1931614.00,965807.00,1931614.00,'CANCELLED','Booking 198','2025-09-17 13:00:00','2025-09-17 13:00:00',0,0),
(199,1,1,3,1,1,'2025-09-08 16:00:00',1603166.00,801583.00,1603166.00,'CANCELLED','Booking 199','2025-09-08 16:00:00','2025-09-08 16:00:00',0,0),
(200,2,2,12,2,1,'2025-09-28 08:45:00',1826682.00,913341.00,1826682.00,'CANCELLED','Booking 200','2025-09-28 08:45:00','2025-09-28 08:45:00',0,1),
(201,2,1,3,2,0,'2025-09-04 16:00:00',2684080.00,1342040.00,2684080.00,'CANCELLED','Booking 201','2025-09-04 16:00:00','2025-09-04 16:00:00',0,0),
(202,1,2,12,2,1,'2025-09-03 16:45:00',3445849.00,1722924.00,3445849.00,'COMPLETED','Booking 202','2025-09-03 16:45:00','2025-09-03 16:45:00',0,0),
(203,3,1,4,6,1,'2025-09-18 13:00:00',3360647.00,1680323.00,3360647.00,'COMPLETED','Booking 203','2025-09-18 13:00:00','2025-09-18 13:00:00',0,0),
(204,6,2,13,6,0,'2025-09-28 16:45:00',4619917.00,2309958.00,4619917.00,'COMPLETED','Booking 204','2025-09-28 16:45:00','2025-09-28 16:45:00',0,1),
(205,6,3,22,2,1,'2025-09-09 13:45:00',2479836.00,1239918.00,2479836.00,'CANCELLED','Booking 205','2025-09-09 13:45:00','2025-09-09 13:45:00',0,0),
(206,2,1,3,2,1,'2025-09-05 17:00:00',3205037.00,1602518.00,3205037.00,'CANCELLED','Booking 206','2025-09-05 17:00:00','2025-09-05 17:00:00',0,0),
(207,3,2,13,1,0,'2025-09-25 11:45:00',2493653.00,1246826.00,2493653.00,'COMPLETED','Booking 207','2025-09-25 11:45:00','2025-09-25 11:45:00',0,0),
(208,2,1,4,2,0,'2025-09-02 12:30:00',3437949.00,1718974.00,3437949.00,'COMPLETED','Booking 208','2025-09-02 12:30:00','2025-09-02 12:30:00',0,0),
(209,1,1,3,1,1,'2025-10-22 09:30:00',992893.00,496446.00,992893.00,'COMPLETED','Booking 209','2025-10-22 09:30:00','2025-10-22 09:30:00',0,0),
(210,6,2,12,2,0,'2025-10-16 08:45:00',2653357.00,1326678.00,2653357.00,'COMPLETED','Booking 210','2025-10-16 08:45:00','2025-10-16 08:45:00',0,0),
(211,3,2,12,2,0,'2025-10-16 08:00:00',3780261.00,1890130.00,3780261.00,'COMPLETED','Booking 211','2025-10-16 08:00:00','2025-10-16 08:00:00',0,0),
(212,5,1,3,2,0,'2025-10-06 08:30:00',3720599.00,1860299.00,3720599.00,'CANCELLED','Booking 212','2025-10-06 08:30:00','2025-10-06 08:30:00',0,0),
(213,6,1,4,6,0,'2025-10-06 09:15:00',4914627.00,2457313.00,4914627.00,'COMPLETED','Booking 213','2025-10-06 09:15:00','2025-10-06 09:15:00',0,0),
(214,5,1,4,6,1,'2025-10-23 13:15:00',4557039.00,2278519.00,4557039.00,'COMPLETED','Booking 214','2025-10-23 13:15:00','2025-10-23 13:15:00',0,0),
(215,3,3,21,2,0,'2025-10-20 11:15:00',2119549.00,1059774.00,2119549.00,'COMPLETED','Booking 215','2025-10-20 11:15:00','2025-10-20 11:15:00',0,0),
(216,2,1,4,6,1,'2025-10-11 12:30:00',3230658.00,1615329.00,3230658.00,'CANCELLED','Booking 216','2025-10-11 12:30:00','2025-10-11 12:30:00',0,1),
(217,4,2,13,1,0,'2025-10-08 17:15:00',2272218.00,1136109.00,2272218.00,'COMPLETED','Booking 217','2025-10-08 17:15:00','2025-10-08 17:15:00',0,0),
(218,3,2,12,6,0,'2025-10-11 09:15:00',4373301.00,2186650.00,4373301.00,'CANCELLED','Booking 218','2025-10-11 09:15:00','2025-10-11 09:15:00',0,1),
(219,3,1,3,1,1,'2025-11-08 09:30:00',2336341.00,1168170.00,2336341.00,'CANCELLED','Booking 219','2025-11-08 09:30:00','2025-11-08 09:30:00',0,1),
(220,3,3,22,1,1,'2025-11-14 15:45:00',2165182.00,1082591.00,2165182.00,'CANCELLED','Booking 220','2025-11-14 15:45:00','2025-11-14 15:45:00',0,0),
(221,3,1,4,2,0,'2025-11-15 09:00:00',2933647.00,1466823.00,2933647.00,'COMPLETED','Booking 221','2025-11-15 09:00:00','2025-11-15 09:00:00',0,1),
(222,2,1,3,2,0,'2025-11-14 10:45:00',3216644.00,1608322.00,3216644.00,'COMPLETED','Booking 222','2025-11-14 10:45:00','2025-11-14 10:45:00',0,0),
(223,1,2,12,2,0,'2025-11-27 15:15:00',3514643.00,1757321.00,3514643.00,'CONFIRMED','Booking 223','2025-11-27 15:15:00','2025-11-27 15:15:00',0,0),
(224,4,3,22,1,1,'2025-11-26 14:45:00',1578086.00,789043.00,1578086.00,'COMPLETED','Booking 224','2025-11-26 14:45:00','2025-11-26 14:45:00',0,0),
(225,2,3,21,1,1,'2025-11-27 12:00:00',1668192.00,834096.00,1668192.00,'CANCELLED','Booking 225','2025-11-27 12:00:00','2025-11-27 12:00:00',0,0),
(226,5,2,13,6,0,'2025-11-18 08:45:00',3753476.00,1876738.00,3753476.00,'CONFIRMED','Booking 226','2025-11-18 08:45:00','2025-11-18 08:45:00',0,0),
(227,1,3,22,1,0,'2025-11-05 08:45:00',1470563.00,735281.00,1470563.00,'CANCELLED','Booking 227','2025-11-05 08:45:00','2025-11-05 08:45:00',0,0),
(228,3,3,22,1,1,'2025-12-09 14:30:00',1669148.00,834574.00,1669148.00,'CONFIRMED','Booking 228','2025-12-09 14:30:00','2025-12-09 14:30:00',0,0),
(229,1,1,4,2,0,'2025-12-08 17:45:00',3184935.00,1592467.00,3184935.00,'INPROGRESS','Booking 229','2025-12-08 17:45:00','2025-12-08 17:45:00',0,0),
(230,4,3,21,1,0,'2025-12-05 12:30:00',2359701.00,1179850.00,2359701.00,'CONFIRMED','Booking 230','2025-12-05 12:30:00','2025-12-05 12:30:00',0,0),
(231,5,1,3,2,1,'2025-12-09 13:00:00',3699015.00,1849507.00,3699015.00,'CONFIRMED','Booking 231','2025-12-09 13:00:00','2025-12-09 13:00:00',0,0),
(232,3,2,13,6,0,'2025-12-06 11:30:00',2628191.00,1314095.00,2628191.00,'INPROGRESS','Booking 232','2025-12-06 11:30:00','2025-12-06 11:30:00',0,1),
(233,4,1,3,6,0,'2025-12-02 12:00:00',3444188.00,1722094.00,3444188.00,'COMPLETED','Booking 233','2025-12-02 12:00:00','2025-12-02 12:00:00',0,0),
(234,5,2,13,2,1,'2025-12-01 11:30:00',3425177.00,1712588.00,3425177.00,'CONFIRMED','Booking 234','2025-12-01 11:30:00','2025-12-01 11:30:00',0,0),
(235,3,3,21,2,0,'2025-12-09 17:30:00',2659654.00,1329827.00,2659654.00,'PENDING','Booking 235','2025-12-09 17:30:00','2025-12-09 17:30:00',0,0),
(236,6,2,13,2,1,'2025-12-06 10:00:00',3128543.00,1564271.00,3128543.00,'PENDING','Booking 236','2025-12-06 10:00:00','2025-12-06 10:00:00',0,1),
(237,4,1,4,6,0,'2025-12-03 12:00:00',3907744.00,1953872.00,3907744.00,'CANCELLED','Booking 237','2025-12-03 12:00:00','2025-12-03 12:00:00',0,0),
(238,4,2,13,2,1,'2025-12-06 11:30:00',1994011.00,997005.00,1994011.00,'PENDING','Booking 238','2025-12-06 11:30:00','2025-12-06 11:30:00',0,1);

INSERT IGNORE INTO booking_vehicle_details (bookingId, vehicleCategoryId, quantity) VALUES
(1,1,1),
(2,1,1),
(3,1,1),
(4,2,1),
(5,2,1),
(6,4,2),
(7,2,2),
(8,1,1),
(9,1,1),
(10,5,1),
(11,2,1),
(12,2,2),
(13,3,1),
(14,2,1),
(15,3,1),
(16,2,2),
(17,3,2),
(18,3,1),
(19,2,1),
(20,5,2),
(21,2,1),
(22,4,1),
(23,3,1),
(24,2,1),
(25,3,1),
(26,3,2),
(27,5,1),
(28,3,2),
(29,3,2),
(30,3,1),
(31,1,1),
(32,4,2),
(33,2,1),
(34,2,2),
(35,4,2),
(36,3,2),
(37,4,1),
(38,2,1),
(39,3,1),
(40,5,1),
(41,2,1),
(42,2,2),
(43,2,2),
(44,5,1),
(45,1,1),
(46,3,1),
(47,4,2),
(48,5,1),
(49,4,2),
(50,1,1),
(51,5,1),
(52,1,2),
(53,3,1),
(54,1,2),
(55,4,1),
(56,5,1),
(57,1,1),
(58,2,2),
(59,2,1),
(60,3,1),
(61,2,2),
(62,4,1),
(63,3,1),
(64,5,2),
(65,3,1),
(66,3,1),
(67,5,1),
(68,4,1),
(69,3,1),
(70,4,1),
(71,2,2),
(72,1,1),
(73,3,2),
(74,3,1),
(75,3,1),
(76,2,1),
(77,2,2),
(78,2,1),
(79,1,2),
(80,5,1),
(81,4,1),
(82,4,1),
(83,5,1),
(84,4,1),
(85,5,1),
(86,4,2),
(87,5,2),
(88,4,1),
(89,1,2),
(90,1,1),
(91,2,1),
(92,4,2),
(93,1,1),
(94,2,1),
(95,2,2),
(96,4,1),
(97,5,1),
(98,2,1),
(99,2,1),
(100,2,1),
(101,5,1),
(102,2,2),
(103,2,1),
(104,2,2),
(105,1,2),
(106,1,1),
(107,5,1),
(108,3,1),
(109,1,1),
(110,4,2),
(111,1,2),
(112,5,2),
(113,3,1),
(114,1,1),
(115,2,2),
(116,4,1),
(117,1,2),
(118,2,1),
(119,2,1),
(120,3,1),
(121,4,2),
(122,3,2),
(123,3,1),
(124,3,2),
(125,5,2),
(126,2,1),
(127,3,1),
(128,5,1),
(129,1,1),
(130,3,2),
(131,3,1),
(132,3,2),
(133,5,1),
(134,4,1),
(135,4,1),
(136,1,1),
(137,2,1),
(138,4,1),
(139,4,1),
(140,5,1),
(141,5,2),
(142,1,2),
(143,1,1),
(144,2,2),
(145,2,2),
(146,2,1),
(147,5,1),
(148,4,1),
(149,5,1),
(150,2,1),
(151,4,1),
(152,2,1),
(153,2,1),
(154,4,2),
(155,1,1),
(156,5,2),
(157,3,2),
(158,4,2),
(159,5,2),
(160,4,1),
(161,4,1),
(162,1,1),
(163,4,2),
(164,4,1),
(165,5,1),
(166,3,1),
(167,1,2),
(168,4,2),
(169,5,1),
(170,5,1),
(171,3,2),
(172,3,1),
(173,2,1),
(174,2,1),
(175,3,2),
(176,3,1),
(177,2,2),
(178,2,2),
(179,4,1),
(180,4,2),
(181,5,1),
(182,5,1),
(183,3,1),
(184,5,1),
(185,4,1),
(186,2,2),
(187,4,1),
(188,1,1),
(189,3,1),
(190,5,1),
(191,3,1),
(192,5,1),
(193,4,1),
(194,1,2),
(195,3,2),
(196,1,1),
(197,1,2),
(198,5,1),
(199,2,1),
(200,5,1),
(201,3,1),
(202,3,2),
(203,5,1),
(204,2,2),
(205,1,1),
(206,1,1),
(207,3,1),
(208,1,1),
(209,3,1),
(210,3,2),
(211,1,2),
(212,3,1),
(213,4,1),
(214,1,1),
(215,5,1),
(216,5,1),
(217,5,2),
(218,1,1),
(219,4,1),
(220,2,1),
(221,2,2),
(222,5,1),
(223,2,1),
(224,4,1),
(225,5,1),
(226,1,2),
(227,1,1),
(228,2,1),
(229,1,2),
(230,4,1),
(231,5,1),
(232,2,1),
(233,2,1),
(234,3,1),
(235,3,1),
(236,1,1),
(237,1,1),
(238,4,1);

INSERT IGNORE INTO trips (tripId, bookingId, useHighway, startTime, endTime, startLocation, endLocation, distance, trafficStatus, status) VALUES
(1,3,0,'2024-01-28 10:30:00','2024-01-28 20:30:00','Điểm xuất phát 3','Điểm đến 3',31.00,'UNKNOWN','COMPLETED'),
(2,4,0,'2024-01-14 07:00:00','2024-01-14 18:00:00','Điểm xuất phát 4','Điểm đến 4',91.00,'UNKNOWN','COMPLETED'),
(3,5,0,'2024-01-13 09:30:00','2024-01-13 21:30:00','Điểm xuất phát 5','Điểm đến 5',76.00,'HEAVY','COMPLETED'),
(4,6,1,'2024-02-03 07:30:00','2024-02-03 10:30:00','Điểm xuất phát 6','Điểm đến 6',83.00,'HEAVY','COMPLETED'),
(5,7,0,'2024-01-20 09:30:00','2024-01-20 15:30:00','Điểm xuất phát 7','Điểm đến 7',139.00,'HEAVY','COMPLETED'),
(6,8,1,'2024-01-24 10:00:00','2024-01-24 20:00:00','Điểm xuất phát 8','Điểm đến 8',180.00,'HEAVY','COMPLETED'),
(7,10,1,'2024-02-29 09:00:00','2024-02-29 13:00:00','Điểm xuất phát 10','Điểm đến 10',155.00,'UNKNOWN','COMPLETED'),
(8,11,1,'2024-03-01 06:00:00','2024-03-01 14:00:00','Điểm xuất phát 11','Điểm đến 11',76.00,'LIGHT','COMPLETED'),
(9,12,1,'2024-02-11 09:30:00','2024-02-11 14:30:00','Điểm xuất phát 12','Điểm đến 12',44.00,'LIGHT','COMPLETED'),
(10,13,0,'2024-02-15 07:00:00','2024-02-15 19:00:00','Điểm xuất phát 13','Điểm đến 13',134.00,'MODERATE','COMPLETED'),
(11,14,0,'2024-02-15 09:30:00','2024-02-15 12:30:00','Điểm xuất phát 14','Điểm đến 14',122.00,'LIGHT','COMPLETED'),
(12,15,1,'2024-02-01 10:00:00','2024-02-01 20:00:00','Điểm xuất phát 15','Điểm đến 15',34.00,'LIGHT','COMPLETED'),
(13,16,0,'2024-02-18 10:00:00','2024-02-18 16:00:00','Điểm xuất phát 16','Điểm đến 16',172.00,'LIGHT','COMPLETED'),
(14,20,1,'2024-02-08 06:00:00','2024-02-08 17:00:00','Điểm xuất phát 20','Điểm đến 20',90.00,'LIGHT','COMPLETED'),
(15,21,0,'2024-03-26 10:00:00','2024-03-26 21:00:00','Điểm xuất phát 21','Điểm đến 21',52.00,'LIGHT','COMPLETED'),
(16,29,1,'2024-03-11 08:30:00','2024-03-11 13:30:00','Điểm xuất phát 29','Điểm đến 29',130.00,'HEAVY','COMPLETED'),
(17,30,1,'2024-04-25 07:00:00','2024-04-25 11:00:00','Điểm xuất phát 30','Điểm đến 30',82.00,'UNKNOWN','COMPLETED'),
(18,31,1,'2024-04-21 07:00:00','2024-04-21 17:00:00','Điểm xuất phát 31','Điểm đến 31',198.00,'UNKNOWN','COMPLETED'),
(19,33,1,'2024-04-14 08:00:00','2024-04-14 13:00:00','Điểm xuất phát 33','Điểm đến 33',58.00,'MODERATE','COMPLETED'),
(20,36,1,'2024-04-20 09:00:00','2024-04-20 17:00:00','Điểm xuất phát 36','Điểm đến 36',156.00,'LIGHT','COMPLETED'),
(21,38,0,'2024-04-11 06:00:00','2024-04-11 11:00:00','Điểm xuất phát 38','Điểm đến 38',25.00,'MODERATE','COMPLETED'),
(22,39,0,'2024-04-16 08:30:00','2024-04-16 15:30:00','Điểm xuất phát 39','Điểm đến 39',70.00,'LIGHT','COMPLETED'),
(23,41,1,'2024-06-04 09:30:00','2024-06-04 21:30:00','Điểm xuất phát 41','Điểm đến 41',88.00,'HEAVY','COMPLETED'),
(24,43,0,'2024-05-14 10:00:00','2024-05-14 21:00:00','Điểm xuất phát 43','Điểm đến 43',185.00,'UNKNOWN','COMPLETED'),
(25,46,1,'2024-05-16 07:30:00','2024-05-16 11:30:00','Điểm xuất phát 46','Điểm đến 46',156.00,'MODERATE','COMPLETED'),
(26,49,1,'2024-06-12 08:30:00','2024-06-12 18:30:00','Điểm xuất phát 49','Điểm đến 49',165.00,'LIGHT','COMPLETED'),
(27,50,0,'2024-06-25 09:30:00','2024-06-25 15:30:00','Điểm xuất phát 50','Điểm đến 50',140.00,'HEAVY','COMPLETED'),
(28,53,0,'2024-06-23 06:00:00','2024-06-23 15:00:00','Điểm xuất phát 53','Điểm đến 53',167.00,'LIGHT','COMPLETED'),
(29,56,1,'2024-06-29 09:00:00','2024-06-29 14:00:00','Điểm xuất phát 56','Điểm đến 56',152.00,'HEAVY','COMPLETED'),
(30,59,1,'2024-07-24 08:30:00','2024-07-24 12:30:00','Điểm xuất phát 59','Điểm đến 59',149.00,'HEAVY','COMPLETED'),
(31,62,1,'2024-07-03 09:30:00','2024-07-03 19:30:00','Điểm xuất phát 62','Điểm đến 62',179.00,'UNKNOWN','COMPLETED'),
(32,63,0,'2024-07-29 09:00:00','2024-07-29 17:00:00','Điểm xuất phát 63','Điểm đến 63',133.00,'MODERATE','COMPLETED'),
(33,64,1,'2024-07-03 07:00:00','2024-07-03 11:00:00','Điểm xuất phát 64','Điểm đến 64',176.00,'UNKNOWN','COMPLETED'),
(34,65,1,'2024-07-17 09:30:00','2024-07-17 17:30:00','Điểm xuất phát 65','Điểm đến 65',96.00,'UNKNOWN','COMPLETED'),
(35,68,0,'2024-08-13 07:00:00','2024-08-13 17:00:00','Điểm xuất phát 68','Điểm đến 68',103.00,'UNKNOWN','COMPLETED'),
(36,75,1,'2024-09-16 09:00:00','2024-09-16 18:00:00','Điểm xuất phát 75','Điểm đến 75',184.00,'LIGHT','COMPLETED'),
(37,76,0,'2024-09-12 07:00:00','2024-09-12 19:00:00','Điểm xuất phát 76','Điểm đến 76',84.00,'MODERATE','COMPLETED'),
(38,81,0,'2024-09-19 08:30:00','2024-09-19 13:30:00','Điểm xuất phát 81','Điểm đến 81',126.00,'LIGHT','COMPLETED'),
(39,82,0,'2024-09-16 07:00:00','2024-09-16 13:00:00','Điểm xuất phát 82','Điểm đến 82',163.00,'HEAVY','COMPLETED'),
(40,84,1,'2024-09-09 06:00:00','2024-09-09 10:00:00','Điểm xuất phát 84','Điểm đến 84',199.00,'HEAVY','COMPLETED'),
(41,85,0,'2024-09-07 09:30:00','2024-09-07 13:30:00','Điểm xuất phát 85','Điểm đến 85',60.00,'HEAVY','COMPLETED'),
(42,87,1,'2024-10-24 06:00:00','2024-10-24 13:00:00','Điểm xuất phát 87','Điểm đến 87',173.00,'LIGHT','COMPLETED'),
(43,89,1,'2024-10-06 08:30:00','2024-10-06 14:30:00','Điểm xuất phát 89','Điểm đến 89',123.00,'UNKNOWN','COMPLETED'),
(44,90,1,'2024-10-19 10:30:00','2024-10-19 22:30:00','Điểm xuất phát 90','Điểm đến 90',40.00,'UNKNOWN','COMPLETED'),
(45,92,0,'2024-10-09 08:00:00','2024-10-09 19:00:00','Điểm xuất phát 92','Điểm đến 92',37.00,'UNKNOWN','COMPLETED'),
(46,95,0,'2024-10-27 10:00:00','2024-10-27 16:00:00','Điểm xuất phát 95','Điểm đến 95',115.00,'HEAVY','COMPLETED'),
(47,96,1,'2024-10-29 10:00:00','2024-10-29 14:00:00','Điểm xuất phát 96','Điểm đến 96',40.00,'MODERATE','COMPLETED'),
(48,99,1,'2024-11-07 10:00:00','2024-11-07 21:00:00','Điểm xuất phát 99','Điểm đến 99',31.00,'UNKNOWN','COMPLETED'),
(49,101,1,'2024-11-26 06:30:00','2024-11-26 16:30:00','Điểm xuất phát 101','Điểm đến 101',161.00,'LIGHT','COMPLETED'),
(50,103,1,'2024-11-17 06:30:00','2024-11-17 09:30:00','Điểm xuất phát 103','Điểm đến 103',55.00,'LIGHT','COMPLETED'),
(51,107,1,'2024-11-14 09:00:00','2024-11-14 20:00:00','Điểm xuất phát 107','Điểm đến 107',115.00,'HEAVY','COMPLETED'),
(52,108,1,'2024-11-14 09:30:00','2024-11-14 18:30:00','Điểm xuất phát 108','Điểm đến 108',54.00,'LIGHT','COMPLETED'),
(53,111,1,'2024-12-13 10:30:00','2024-12-13 20:30:00','Điểm xuất phát 111','Điểm đến 111',46.00,'LIGHT','COMPLETED'),
(54,112,1,'2024-12-14 06:00:00','2024-12-14 15:00:00','Điểm xuất phát 112','Điểm đến 112',183.00,'UNKNOWN','COMPLETED'),
(55,113,0,'2025-01-01 10:00:00','2025-01-01 16:00:00','Điểm xuất phát 113','Điểm đến 113',59.00,'UNKNOWN','COMPLETED'),
(56,114,1,'2024-12-22 10:30:00','2024-12-22 18:30:00','Điểm xuất phát 114','Điểm đến 114',50.00,'HEAVY','COMPLETED'),
(57,115,0,'2024-12-08 08:30:00','2024-12-08 10:30:00','Điểm xuất phát 115','Điểm đến 115',160.00,'HEAVY','COMPLETED'),
(58,116,0,'2024-12-28 10:30:00','2024-12-28 15:30:00','Điểm xuất phát 116','Điểm đến 116',161.00,'MODERATE','COMPLETED'),
(59,117,0,'2025-01-17 10:30:00','2025-01-17 19:30:00','Điểm xuất phát 117','Điểm đến 117',161.00,'MODERATE','COMPLETED'),
(60,119,1,'2025-01-19 10:30:00','2025-01-19 16:30:00','Điểm xuất phát 119','Điểm đến 119',30.00,'LIGHT','COMPLETED'),
(61,121,0,'2025-01-23 07:30:00','2025-01-23 19:30:00','Điểm xuất phát 121','Điểm đến 121',56.00,'HEAVY','COMPLETED'),
(62,123,1,'2025-01-11 07:30:00','2025-01-11 19:30:00','Điểm xuất phát 123','Điểm đến 123',139.00,'UNKNOWN','COMPLETED'),
(63,124,1,'2025-01-08 08:00:00','2025-01-08 10:00:00','Điểm xuất phát 124','Điểm đến 124',130.00,'MODERATE','COMPLETED'),
(64,125,1,'2025-02-16 10:00:00','2025-02-16 15:00:00','Điểm xuất phát 125','Điểm đến 125',44.00,'UNKNOWN','COMPLETED'),
(65,126,0,'2025-02-25 10:30:00','2025-02-25 19:30:00','Điểm xuất phát 126','Điểm đến 126',175.00,'MODERATE','COMPLETED'),
(66,129,0,'2025-02-24 09:30:00','2025-02-24 14:30:00','Điểm xuất phát 129','Điểm đến 129',58.00,'UNKNOWN','COMPLETED'),
(67,130,0,'2025-02-20 08:00:00','2025-02-20 19:00:00','Điểm xuất phát 130','Điểm đến 130',156.00,'HEAVY','COMPLETED'),
(68,131,1,'2025-03-01 08:30:00','2025-03-01 18:30:00','Điểm xuất phát 131','Điểm đến 131',163.00,'HEAVY','COMPLETED'),
(69,133,1,'2025-02-24 06:00:00','2025-02-24 15:00:00','Điểm xuất phát 133','Điểm đến 133',33.00,'LIGHT','COMPLETED'),
(70,135,0,'2025-02-25 09:30:00','2025-02-25 12:30:00','Điểm xuất phát 135','Điểm đến 135',94.00,'LIGHT','COMPLETED'),
(71,138,0,'2025-03-23 06:30:00','2025-03-23 13:30:00','Điểm xuất phát 138','Điểm đến 138',80.00,'UNKNOWN','COMPLETED'),
(72,139,0,'2025-03-12 09:30:00','2025-03-12 17:30:00','Điểm xuất phát 139','Điểm đến 139',183.00,'HEAVY','COMPLETED'),
(73,140,1,'2025-03-15 10:30:00','2025-03-15 14:30:00','Điểm xuất phát 140','Điểm đến 140',164.00,'LIGHT','COMPLETED'),
(74,143,1,'2025-03-16 06:30:00','2025-03-16 13:30:00','Điểm xuất phát 143','Điểm đến 143',66.00,'MODERATE','COMPLETED'),
(75,146,1,'2025-03-13 10:00:00','2025-03-13 15:00:00','Điểm xuất phát 146','Điểm đến 146',173.00,'LIGHT','COMPLETED'),
(76,147,1,'2025-03-18 07:30:00','2025-03-18 10:30:00','Điểm xuất phát 147','Điểm đến 147',189.00,'MODERATE','COMPLETED'),
(77,148,1,'2025-04-08 09:00:00','2025-04-08 19:00:00','Điểm xuất phát 148','Điểm đến 148',116.00,'MODERATE','COMPLETED'),
(78,150,1,'2025-04-17 09:00:00','2025-04-17 19:00:00','Điểm xuất phát 150','Điểm đến 150',38.00,'MODERATE','COMPLETED'),
(79,151,0,'2025-04-10 09:00:00','2025-04-10 15:00:00','Điểm xuất phát 151','Điểm đến 151',102.00,'HEAVY','COMPLETED'),
(80,155,0,'2025-04-12 07:00:00','2025-04-12 09:00:00','Điểm xuất phát 155','Điểm đến 155',58.00,'LIGHT','COMPLETED'),
(81,156,1,'2025-04-15 06:30:00','2025-04-15 18:30:00','Điểm xuất phát 156','Điểm đến 156',93.00,'LIGHT','COMPLETED'),
(82,158,0,'2025-05-18 10:30:00','2025-05-18 14:30:00','Điểm xuất phát 158','Điểm đến 158',183.00,'LIGHT','COMPLETED'),
(83,159,0,'2025-05-07 06:00:00','2025-05-07 16:00:00','Điểm xuất phát 159','Điểm đến 159',159.00,'LIGHT','COMPLETED'),
(84,160,0,'2025-05-07 07:00:00','2025-05-07 15:00:00','Điểm xuất phát 160','Điểm đến 160',108.00,'LIGHT','COMPLETED'),
(85,162,1,'2025-05-16 07:30:00','2025-05-16 10:30:00','Điểm xuất phát 162','Điểm đến 162',119.00,'HEAVY','COMPLETED'),
(86,163,0,'2025-05-09 06:00:00','2025-05-09 08:00:00','Điểm xuất phát 163','Điểm đến 163',110.00,'LIGHT','COMPLETED'),
(87,164,0,'2025-05-30 08:30:00','2025-05-30 12:30:00','Điểm xuất phát 164','Điểm đến 164',146.00,'MODERATE','COMPLETED'),
(88,165,1,'2025-05-21 06:00:00','2025-05-21 12:00:00','Điểm xuất phát 165','Điểm đến 165',21.00,'UNKNOWN','COMPLETED'),
(89,166,1,'2025-06-21 08:30:00','2025-06-21 17:30:00','Điểm xuất phát 166','Điểm đến 166',197.00,'UNKNOWN','COMPLETED'),
(90,167,0,'2025-06-14 09:30:00','2025-06-14 17:30:00','Điểm xuất phát 167','Điểm đến 167',124.00,'UNKNOWN','COMPLETED'),
(91,170,1,'2025-06-26 08:30:00','2025-06-26 13:30:00','Điểm xuất phát 170','Điểm đến 170',193.00,'MODERATE','COMPLETED'),
(92,173,0,'2025-07-01 10:30:00','2025-07-01 21:30:00','Điểm xuất phát 173','Điểm đến 173',79.00,'UNKNOWN','COMPLETED'),
(93,178,1,'2025-07-18 07:00:00','2025-07-18 11:00:00','Điểm xuất phát 178','Điểm đến 178',135.00,'LIGHT','COMPLETED'),
(94,181,1,'2025-07-24 06:00:00','2025-07-24 16:00:00','Điểm xuất phát 181','Điểm đến 181',28.00,'UNKNOWN','COMPLETED'),
(95,183,1,'2025-07-30 10:00:00','2025-07-30 19:00:00','Điểm xuất phát 183','Điểm đến 183',125.00,'LIGHT','COMPLETED'),
(96,186,1,'2025-07-23 08:30:00','2025-07-23 12:30:00','Điểm xuất phát 186','Điểm đến 186',160.00,'MODERATE','COMPLETED'),
(97,187,0,'2025-08-01 07:00:00','2025-08-01 11:00:00','Điểm xuất phát 187','Điểm đến 187',60.00,'HEAVY','COMPLETED'),
(98,189,1,'2025-08-13 07:30:00','2025-08-13 15:30:00','Điểm xuất phát 189','Điểm đến 189',78.00,'UNKNOWN','COMPLETED'),
(99,190,0,'2025-08-06 09:30:00','2025-08-06 12:30:00','Điểm xuất phát 190','Điểm đến 190',180.00,'MODERATE','COMPLETED'),
(100,193,1,'2025-08-24 08:30:00','2025-08-24 13:30:00','Điểm xuất phát 193','Điểm đến 193',119.00,'UNKNOWN','COMPLETED'),
(101,194,1,'2025-08-26 10:30:00','2025-08-26 15:30:00','Điểm xuất phát 194','Điểm đến 194',199.00,'UNKNOWN','COMPLETED'),
(102,195,0,'2025-08-19 08:30:00','2025-08-19 11:30:00','Điểm xuất phát 195','Điểm đến 195',34.00,'MODERATE','COMPLETED'),
(103,196,0,'2025-08-11 08:30:00','2025-08-11 11:30:00','Điểm xuất phát 196','Điểm đến 196',115.00,'MODERATE','COMPLETED'),
(104,202,1,'2025-09-06 10:00:00','2025-09-06 15:00:00','Điểm xuất phát 202','Điểm đến 202',21.00,'UNKNOWN','COMPLETED'),
(105,203,1,'2025-09-24 09:00:00','2025-09-24 18:00:00','Điểm xuất phát 203','Điểm đến 203',91.00,'LIGHT','COMPLETED'),
(106,204,0,'2025-09-29 10:00:00','2025-09-29 21:00:00','Điểm xuất phát 204','Điểm đến 204',189.00,'MODERATE','COMPLETED'),
(107,207,0,'2025-09-28 08:00:00','2025-09-28 10:00:00','Điểm xuất phát 207','Điểm đến 207',83.00,'HEAVY','COMPLETED'),
(108,208,0,'2025-09-03 06:00:00','2025-09-03 16:00:00','Điểm xuất phát 208','Điểm đến 208',76.00,'MODERATE','COMPLETED'),
(109,209,1,'2025-10-22 09:00:00','2025-10-22 12:00:00','Điểm xuất phát 209','Điểm đến 209',166.00,'UNKNOWN','COMPLETED'),
(110,210,0,'2025-10-18 06:00:00','2025-10-18 15:00:00','Điểm xuất phát 210','Điểm đến 210',95.00,'UNKNOWN','COMPLETED'),
(111,211,0,'2025-10-21 09:30:00','2025-10-21 15:30:00','Điểm xuất phát 211','Điểm đến 211',164.00,'HEAVY','COMPLETED'),
(112,213,0,'2025-10-08 07:00:00','2025-10-08 19:00:00','Điểm xuất phát 213','Điểm đến 213',101.00,'HEAVY','COMPLETED'),
(113,214,1,'2025-10-23 07:00:00','2025-10-23 15:00:00','Điểm xuất phát 214','Điểm đến 214',154.00,'UNKNOWN','COMPLETED'),
(114,215,0,'2025-10-21 10:30:00','2025-10-21 14:30:00','Điểm xuất phát 215','Điểm đến 215',115.00,'UNKNOWN','COMPLETED'),
(115,217,0,'2025-10-08 07:30:00','2025-10-08 13:30:00','Điểm xuất phát 217','Điểm đến 217',76.00,'LIGHT','COMPLETED'),
(116,221,0,'2025-11-17 06:00:00','2025-11-17 12:00:00','Điểm xuất phát 221','Điểm đến 221',172.00,'UNKNOWN','COMPLETED'),
(117,222,0,'2025-11-18 08:00:00','2025-11-18 12:00:00','Điểm xuất phát 222','Điểm đến 222',32.00,'UNKNOWN','COMPLETED'),
(118,223,0,'2025-11-27 07:00:00',NULL,'Điểm xuất phát 223','Điểm đến 223',94.00,'LIGHT','ASSIGNED'),
(119,224,1,'2025-11-28 09:00:00','2025-11-28 13:00:00','Điểm xuất phát 224','Điểm đến 224',132.00,'UNKNOWN','COMPLETED'),
(120,226,0,'2025-11-18 10:00:00',NULL,'Điểm xuất phát 226','Điểm đến 226',134.00,'MODERATE','SCHEDULED'),
(121,228,1,'2025-12-10 06:00:00',NULL,'Điểm xuất phát 228','Điểm đến 228',157.00,'HEAVY','ASSIGNED'),
(122,229,0,'2025-12-13 07:00:00',NULL,'Điểm xuất phát 229','Điểm đến 229',141.00,'HEAVY','ASSIGNED'),
(123,230,0,'2025-12-09 09:00:00',NULL,'Điểm xuất phát 230','Điểm đến 230',133.00,'MODERATE','ASSIGNED'),
(124,231,1,'2025-12-11 07:00:00',NULL,'Điểm xuất phát 231','Điểm đến 231',34.00,'MODERATE','SCHEDULED'),
(125,232,0,'2025-12-13 10:30:00',NULL,'Điểm xuất phát 232','Điểm đến 232',141.00,'HEAVY','ASSIGNED'),
(126,233,0,'2025-12-08 10:00:00','2025-12-08 18:00:00','Điểm xuất phát 233','Điểm đến 233',141.00,'MODERATE','COMPLETED'),
(127,234,1,'2025-12-08 08:30:00',NULL,'Điểm xuất phát 234','Điểm đến 234',46.00,'LIGHT','ONGOING'),
(128,235,0,'2025-12-13 08:00:00',NULL,'Điểm xuất phát 235','Điểm đến 235',152.00,'MODERATE','SCHEDULED'),
(129,236,1,'2025-12-11 07:30:00',NULL,'Điểm xuất phát 236','Điểm đến 236',111.00,'HEAVY','SCHEDULED'),
(130,238,1,'2025-12-07 09:00:00',NULL,'Điểm xuất phát 238','Điểm đến 238',50.00,'UNKNOWN','ONGOING');

INSERT IGNORE INTO trip_drivers (tripId, driverId, driverRole, note) VALUES
(1,9,'Main Driver',NULL),
(2,11,'Main Driver',NULL),
(3,1,'Main Driver',NULL),
(4,12,'Main Driver',NULL),
(5,9,'Main Driver',NULL),
(6,11,'Main Driver',NULL),
(7,4,'Main Driver',NULL),
(8,2,'Main Driver',NULL),
(9,11,'Main Driver',NULL),
(10,7,'Main Driver',NULL),
(11,3,'Main Driver',NULL),
(12,10,'Main Driver',NULL),
(13,10,'Main Driver',NULL),
(14,1,'Main Driver',NULL),
(15,5,'Main Driver',NULL),
(16,8,'Main Driver',NULL),
(17,10,'Main Driver',NULL),
(18,1,'Main Driver',NULL),
(19,7,'Main Driver',NULL),
(20,7,'Main Driver',NULL),
(21,4,'Main Driver',NULL),
(22,10,'Main Driver',NULL),
(23,4,'Main Driver',NULL),
(24,8,'Main Driver',NULL),
(25,5,'Main Driver',NULL),
(26,10,'Main Driver',NULL),
(27,1,'Main Driver',NULL),
(28,11,'Main Driver',NULL),
(29,10,'Main Driver',NULL),
(30,1,'Main Driver',NULL),
(31,11,'Main Driver',NULL),
(32,12,'Main Driver',NULL),
(33,10,'Main Driver',NULL),
(34,12,'Main Driver',NULL),
(35,3,'Main Driver',NULL),
(36,1,'Main Driver',NULL),
(37,2,'Main Driver',NULL),
(38,6,'Main Driver',NULL),
(39,11,'Main Driver',NULL),
(40,6,'Main Driver',NULL),
(41,5,'Main Driver',NULL),
(42,1,'Main Driver',NULL),
(43,5,'Main Driver',NULL),
(44,5,'Main Driver',NULL),
(45,8,'Main Driver',NULL),
(46,7,'Main Driver',NULL),
(47,6,'Main Driver',NULL),
(48,6,'Main Driver',NULL),
(49,12,'Main Driver',NULL),
(50,5,'Main Driver',NULL),
(51,12,'Main Driver',NULL),
(52,12,'Main Driver',NULL),
(53,6,'Main Driver',NULL),
(54,6,'Main Driver',NULL),
(55,6,'Main Driver',NULL),
(56,5,'Main Driver',NULL),
(57,5,'Main Driver',NULL),
(58,10,'Main Driver',NULL),
(59,3,'Main Driver',NULL),
(60,2,'Main Driver',NULL),
(61,12,'Main Driver',NULL),
(62,5,'Main Driver',NULL),
(63,5,'Main Driver',NULL),
(64,6,'Main Driver',NULL),
(65,6,'Main Driver',NULL),
(66,12,'Main Driver',NULL),
(67,9,'Main Driver',NULL),
(68,5,'Main Driver',NULL),
(69,7,'Main Driver',NULL),
(70,1,'Main Driver',NULL),
(71,5,'Main Driver',NULL),
(72,6,'Main Driver',NULL),
(73,1,'Main Driver',NULL),
(74,11,'Main Driver',NULL),
(75,4,'Main Driver',NULL),
(76,7,'Main Driver',NULL),
(77,9,'Main Driver',NULL),
(78,10,'Main Driver',NULL),
(79,7,'Main Driver',NULL),
(80,4,'Main Driver',NULL),
(81,9,'Main Driver',NULL),
(82,12,'Main Driver',NULL),
(83,3,'Main Driver',NULL),
(84,2,'Main Driver',NULL),
(85,6,'Main Driver',NULL),
(86,10,'Main Driver',NULL),
(87,2,'Main Driver',NULL),
(88,6,'Main Driver',NULL),
(89,10,'Main Driver',NULL),
(90,3,'Main Driver',NULL),
(91,6,'Main Driver',NULL),
(92,11,'Main Driver',NULL),
(93,6,'Main Driver',NULL),
(94,5,'Main Driver',NULL),
(95,5,'Main Driver',NULL),
(96,10,'Main Driver',NULL),
(97,2,'Main Driver',NULL),
(98,2,'Main Driver',NULL),
(99,7,'Main Driver',NULL),
(100,6,'Main Driver',NULL),
(101,2,'Main Driver',NULL),
(102,2,'Main Driver',NULL),
(103,12,'Main Driver',NULL),
(104,1,'Main Driver',NULL),
(105,1,'Main Driver',NULL),
(106,4,'Main Driver',NULL),
(107,7,'Main Driver',NULL),
(108,4,'Main Driver',NULL),
(109,12,'Main Driver',NULL),
(110,7,'Main Driver',NULL),
(111,7,'Main Driver',NULL),
(112,10,'Main Driver',NULL),
(113,1,'Main Driver',NULL),
(114,10,'Main Driver',NULL),
(115,8,'Main Driver',NULL),
(116,12,'Main Driver',NULL),
(117,10,'Main Driver',NULL),
(118,2,'Main Driver',NULL),
(119,5,'Main Driver',NULL),
(120,4,'Main Driver',NULL),
(121,5,'Main Driver',NULL),
(122,1,'Main Driver',NULL),
(123,12,'Main Driver',NULL),
(124,8,'Main Driver',NULL),
(125,3,'Main Driver',NULL),
(126,11,'Main Driver',NULL),
(127,11,'Main Driver',NULL),
(128,10,'Main Driver',NULL),
(129,11,'Main Driver',NULL),
(130,5,'Main Driver',NULL);

INSERT IGNORE INTO trip_vehicles (tripVehicleId, tripId, vehicleId, assignedAt, note) VALUES
(1,1,2,'2024-01-28 10:30:00',NULL),
(2,2,6,'2024-01-14 07:00:00',NULL),
(3,3,4,'2024-01-13 09:30:00',NULL),
(4,4,7,'2024-02-03 07:30:00',NULL),
(5,5,1,'2024-01-20 09:30:00',NULL),
(6,6,9,'2024-01-24 10:00:00',NULL),
(7,7,9,'2024-02-29 09:00:00',NULL),
(8,8,1,'2024-03-01 06:00:00',NULL),
(9,9,7,'2024-02-11 09:30:00',NULL),
(10,10,3,'2024-02-15 07:00:00',NULL),
(11,11,7,'2024-02-15 09:30:00',NULL),
(12,12,8,'2024-02-01 10:00:00',NULL),
(13,13,2,'2024-02-18 10:00:00',NULL),
(14,14,6,'2024-02-08 06:00:00',NULL),
(15,15,6,'2024-03-26 10:00:00',NULL),
(16,16,8,'2024-03-11 08:30:00',NULL),
(17,17,2,'2024-04-25 07:00:00',NULL),
(18,18,9,'2024-04-21 07:00:00',NULL),
(19,19,3,'2024-04-14 08:00:00',NULL),
(20,20,1,'2024-04-20 09:00:00',NULL),
(21,21,3,'2024-04-11 06:00:00',NULL),
(22,22,4,'2024-04-16 08:30:00',NULL),
(23,23,2,'2024-06-04 09:30:00',NULL),
(24,24,1,'2024-05-14 10:00:00',NULL),
(25,25,1,'2024-05-16 07:30:00',NULL),
(26,26,2,'2024-06-12 08:30:00',NULL),
(27,27,4,'2024-06-25 09:30:00',NULL),
(28,28,5,'2024-06-23 06:00:00',NULL),
(29,29,8,'2024-06-29 09:00:00',NULL),
(30,30,5,'2024-07-24 08:30:00',NULL),
(31,31,2,'2024-07-03 09:30:00',NULL),
(32,32,5,'2024-07-29 09:00:00',NULL),
(33,33,4,'2024-07-03 07:00:00',NULL),
(34,34,5,'2024-07-17 09:30:00',NULL),
(35,35,4,'2024-08-13 07:00:00',NULL),
(36,36,6,'2024-09-16 09:00:00',NULL),
(37,37,1,'2024-09-12 07:00:00',NULL),
(38,38,7,'2024-09-19 08:30:00',NULL),
(39,39,2,'2024-09-16 07:00:00',NULL),
(40,40,6,'2024-09-09 06:00:00',NULL),
(41,41,6,'2024-09-07 09:30:00',NULL),
(42,42,4,'2024-10-24 06:00:00',NULL),
(43,43,2,'2024-10-06 08:30:00',NULL),
(44,44,6,'2024-10-19 10:30:00',NULL),
(45,45,5,'2024-10-09 08:00:00',NULL),
(46,46,7,'2024-10-27 10:00:00',NULL),
(47,47,5,'2024-10-29 10:00:00',NULL),
(48,48,4,'2024-11-07 10:00:00',NULL),
(49,49,9,'2024-11-26 06:30:00',NULL),
(50,50,8,'2024-11-17 06:30:00',NULL),
(51,51,1,'2024-11-14 09:00:00',NULL),
(52,52,8,'2024-11-14 09:30:00',NULL),
(53,53,5,'2024-12-13 10:30:00',NULL),
(54,54,9,'2024-12-14 06:00:00',NULL),
(55,55,6,'2025-01-01 10:00:00',NULL),
(56,56,8,'2024-12-22 10:30:00',NULL),
(57,57,3,'2024-12-08 08:30:00',NULL),
(58,58,2,'2024-12-28 10:30:00',NULL),
(59,59,7,'2025-01-17 10:30:00',NULL),
(60,60,1,'2025-01-19 10:30:00',NULL),
(61,61,6,'2025-01-23 07:30:00',NULL),
(62,62,8,'2025-01-11 07:30:00',NULL),
(63,63,6,'2025-01-08 08:00:00',NULL),
(64,64,6,'2025-02-16 10:00:00',NULL),
(65,65,6,'2025-02-25 10:30:00',NULL),
(66,66,4,'2025-02-24 09:30:00',NULL),
(67,67,6,'2025-02-20 08:00:00',NULL),
(68,68,2,'2025-03-01 08:30:00',NULL),
(69,69,6,'2025-02-24 06:00:00',NULL),
(70,70,5,'2025-02-25 09:30:00',NULL),
(71,71,6,'2025-03-23 06:30:00',NULL),
(72,72,4,'2025-03-12 09:30:00',NULL),
(73,73,9,'2025-03-15 10:30:00',NULL),
(74,74,7,'2025-03-16 06:30:00',NULL),
(75,75,1,'2025-03-13 10:00:00',NULL),
(76,76,5,'2025-03-18 07:30:00',NULL),
(77,77,8,'2025-04-08 09:00:00',NULL),
(78,78,9,'2025-04-17 09:00:00',NULL),
(79,79,8,'2025-04-10 09:00:00',NULL),
(80,80,9,'2025-04-12 07:00:00',NULL),
(81,81,7,'2025-04-15 06:30:00',NULL),
(82,82,3,'2025-05-18 10:30:00',NULL),
(83,83,6,'2025-05-07 06:00:00',NULL),
(84,84,7,'2025-05-07 07:00:00',NULL),
(85,85,2,'2025-05-16 07:30:00',NULL),
(86,86,6,'2025-05-09 06:00:00',NULL),
(87,87,3,'2025-05-30 08:30:00',NULL),
(88,88,7,'2025-05-21 06:00:00',NULL),
(89,89,4,'2025-06-21 08:30:00',NULL),
(90,90,5,'2025-06-14 09:30:00',NULL),
(91,91,1,'2025-06-26 08:30:00',NULL),
(92,92,3,'2025-07-01 10:30:00',NULL),
(93,93,1,'2025-07-18 07:00:00',NULL),
(94,94,6,'2025-07-24 06:00:00',NULL),
(95,95,3,'2025-07-30 10:00:00',NULL),
(96,96,8,'2025-07-23 08:30:00',NULL),
(97,97,6,'2025-08-01 07:00:00',NULL),
(98,98,2,'2025-08-13 07:30:00',NULL),
(99,99,8,'2025-08-06 09:30:00',NULL),
(100,100,9,'2025-08-24 08:30:00',NULL),
(101,101,9,'2025-08-26 10:30:00',NULL),
(102,102,7,'2025-08-19 08:30:00',NULL),
(103,103,5,'2025-08-11 08:30:00',NULL),
(104,104,4,'2025-09-06 10:00:00',NULL),
(105,105,4,'2025-09-24 09:00:00',NULL),
(106,106,5,'2025-09-29 10:00:00',NULL),
(107,107,9,'2025-09-28 08:00:00',NULL),
(108,108,7,'2025-09-03 06:00:00',NULL),
(109,109,7,'2025-10-22 09:00:00',NULL),
(110,110,9,'2025-10-18 06:00:00',NULL),
(111,111,5,'2025-10-21 09:30:00',NULL),
(112,112,1,'2025-10-08 07:00:00',NULL),
(113,113,6,'2025-10-23 07:00:00',NULL),
(114,114,2,'2025-10-21 10:30:00',NULL),
(115,115,3,'2025-10-08 07:30:00',NULL),
(116,116,1,'2025-11-17 06:00:00',NULL),
(117,117,9,'2025-11-18 08:00:00',NULL),
(118,118,5,'2025-11-27 07:00:00',NULL),
(119,119,4,'2025-11-28 09:00:00',NULL),
(120,120,4,'2025-11-18 10:00:00',NULL),
(121,121,7,'2025-12-10 06:00:00',NULL),
(122,122,6,'2025-12-13 07:00:00',NULL),
(123,123,8,'2025-12-09 09:00:00',NULL),
(124,124,1,'2025-12-11 07:00:00',NULL),
(125,125,5,'2025-12-13 10:30:00',NULL),
(126,126,3,'2025-12-08 10:00:00',NULL),
(127,127,6,'2025-12-08 08:30:00',NULL),
(128,128,7,'2025-12-13 08:00:00',NULL),
(129,129,9,'2025-12-11 07:30:00',NULL),
(130,130,7,'2025-12-07 09:00:00',NULL);


INSERT IGNORE INTO driver_day_off (dayOffId, driverId, startDate, endDate, reason, approvedBy, status, createdAt) VALUES
(1,1,DATE_SUB(CURDATE(),INTERVAL 15 DAY),DATE_SUB(CURDATE(),INTERVAL 14 DAY),'Việc gia đình',2,'APPROVED',NOW()),
(2,5,DATE_SUB(CURDATE(),INTERVAL 10 DAY),DATE_SUB(CURDATE(),INTERVAL 9 DAY),'Khám sức khỏe',11,'APPROVED',NOW()),
(3,9,DATE_SUB(CURDATE(),INTERVAL 5 DAY),DATE_SUB(CURDATE(),INTERVAL 5 DAY),'Nghỉ ốm',21,'REJECTED',NOW());

-- Driver Ratings
INSERT IGNORE INTO driver_ratings (ratingId, attitudeRating, comment, complianceRating, overallRating, punctualityRating, ratedAt, safetyRating, customerId, driverId, ratedBy, tripId) VALUES
(1,5,'Lái xe an toàn, đúng giờ',5,4.80,5,NOW(),5,1,1,1,1),
(2,4,'Phục vụ tốt',4,4.50,4,NOW(),4,2,9,20,2);

-- System Settings (19 settings đầy đủ)
INSERT IGNORE INTO system_settings (settingId, settingKey, settingValue, effectiveStartDate, effectiveEndDate, valueType, category, description, updatedBy, updatedAt, status) VALUES
-- Billing Settings
(1,'VAT_RATE','0.08','2025-01-01',NULL,'decimal','Billing','Tỷ lệ VAT 8%',1,NOW(),'ACTIVE'),
(5,'DEFAULT_DEPOSIT_PERCENT','0.50','2025-01-01',NULL,'decimal','Billing','Tỷ lệ đặt cọc mặc định (50% tổng tiền)',1,NOW(),'ACTIVE'),

-- Booking Settings
(2,'DEFAULT_HIGHWAY','false','2025-01-01',NULL,'boolean','Booking','Mặc định cao tốc',NULL,NOW(),NULL),
(6,'CANCELLATION_FULL_DEPOSIT_LOSS_HOURS','24','2025-01-01',NULL,'int','Booking','Số giờ trước khi bắt đầu để mất toàn bộ tiền cọc',1,NOW(),'ACTIVE'),
(7,'CANCELLATION_PARTIAL_DEPOSIT_LOSS_HOURS','48','2025-01-01',NULL,'int','Booking','Số giờ trước khi bắt đầu để mất một phần tiền cọc',1,NOW(),'ACTIVE'),
(8,'CANCELLATION_PARTIAL_DEPOSIT_PERCENT','0.30','2025-01-01',NULL,'decimal','Booking','Tỷ lệ mất cọc khi hủy trong khoảng thời gian (30%)',1,NOW(),'ACTIVE'),
(9,'BOOKING_MAJOR_MODIFICATION_MIN_HOURS','72','2025-01-01',NULL,'int','Booking','Số giờ tối thiểu trước khi bắt đầu để sửa đổi lớn (72h = 3 ngày)',1,NOW(),'ACTIVE'),
(10,'BOOKING_MINOR_MODIFICATION_MIN_HOURS','24','2025-01-01',NULL,'int','Booking','Số giờ tối thiểu trước khi bắt đầu để sửa đổi nhỏ (24h = 1 ngày)',1,NOW(),'ACTIVE'),
(11,'SAME_DAY_TRIP_START_HOUR','6','2025-01-01',NULL,'int','Booking','Giờ bắt đầu để tính chuyến trong ngày (6h sáng)',1,NOW(),'ACTIVE'),
(12,'SAME_DAY_TRIP_END_HOUR','23','2025-01-01',NULL,'int','Booking','Giờ kết thúc để tính chuyến trong ngày (23h tối)',1,NOW(),'ACTIVE'),

-- Pricing Settings
(4,'ROUND_TRIP_MULTIPLIER','1.5','2025-01-01',NULL,'decimal','Pricing','Hệ số 2 chiều',1,NOW(),'ACTIVE'),
(13,'HOLIDAY_SURCHARGE_RATE','0.25','2025-01-01',NULL,'decimal','Pricing','Phụ thu ngày lễ (25%)',1,NOW(),'ACTIVE'),
(14,'WEEKEND_SURCHARGE_RATE','0.20','2025-01-01',NULL,'decimal','Pricing','Phụ thu cuối tuần (20%)',1,NOW(),'ACTIVE'),
(15,'INTER_PROVINCE_DISTANCE_KM','100','2025-01-01',NULL,'int','Pricing','Khoảng cách tối thiểu để tính liên tỉnh (km)',1,NOW(),'ACTIVE'),

-- Driver Settings
(3,'MAX_DRIVING_HOURS_PER_DAY','10','2025-01-01',NULL,'int','Driver','Tối đa giờ lái/ngày',1,NOW(),'ACTIVE'),
(16,'MAX_CONTINUOUS_DRIVING_HOURS','4','2025-01-01',NULL,'int','Driver','Tối đa giờ lái liên tục (4 giờ)',1,NOW(),'ACTIVE'),
(17,'MAX_DRIVING_HOURS_PER_WEEK','48','2025-01-01',NULL,'int','Driver','Tối đa giờ lái/tuần (48 giờ)',1,NOW(),'ACTIVE'),
(18,'MAX_DRIVER_LEAVE_DAYS','2','2025-01-01',NULL,'int','Driver','Số ngày nghỉ tối đa tài xế có thể xin (2 ngày)',1,NOW(),'ACTIVE'),
(19,'SINGLE_DRIVER_MAX_DISTANCE_KM','300','2025-01-01',NULL,'int','Driver','Khoảng cách tối đa cho 1 tài xế (300km)',1,NOW(),'ACTIVE'),

-- Dispatch/Booking Scheduling Settings
(20,'AVG_VEHICLE_SPEED_KMPH','60','2025-01-01',NULL,'int','Booking','Vận tốc trung bình để ước lượng thời gian di chuyển (km/h)',1,NOW(),'ACTIVE');

-- App Settings (for VietQR)
INSERT IGNORE INTO app_settings (id, description, setting_key, updated_at, updated_by, setting_value) VALUES
(1,'Tiền tố nội dung chuyển khoản','qr.description_prefix',NOW(),'admin','VANTAI'),
(2,'Mã ngân hàng theo chuẩn VietQR','qr.bank_code',NOW(),'admin','970403'),
(3,'Tên chủ tài khoản','qr.account_name',NOW(),'admin','CONG TY VANTAI'),
(4,'Số tài khoản ngân hàng','qr.account_number',NOW(),'admin','070122047995');

-- Approval History
INSERT IGNORE INTO approval_history (historyId, approvalNote, approvalType, processedAt, relatedEntityId, requestReason, requestedAt, status, approvedBy, branchId, requestedBy) VALUES
(1,'Đồng ý','DRIVER_DAY_OFF',NOW(),1,'Việc gia đình',DATE_SUB(NOW(),INTERVAL 16 DAY),'APPROVED',2,1,7),
(2,'Đồng ý','DRIVER_DAY_OFF',NOW(),2,'Khám sức khỏe',DATE_SUB(NOW(),INTERVAL 11 DAY),'APPROVED',11,2,5),
(3,'Từ chối','DRIVER_DAY_OFF',NOW(),3,'Nghỉ ốm',DATE_SUB(NOW(),INTERVAL 6 DAY),'REJECTED',21,3,9);

-- Expenses table has been removed from schema
-- Use expense_requests and invoices (type = EXPENSE) instead

-- Expense Requests
INSERT IGNORE INTO expense_requests (expenseRequestId, amount, approvedAt, createdAt, note, rejectionReason, status, expenseType, updatedAt, approvedBy, branchId, requesterId, vehicleId) VALUES
(1,750000.00,NOW(),DATE_SUB(NOW(),INTERVAL 2 DAY),'Xin tạm ứng phí ETC',NULL,'APPROVED','TOLL',NOW(),2,1,2,2),
(2,2500000.00,NULL,NOW(),'Tạm ứng bảo dưỡng',NULL,'PENDING','MAINTENANCE',NULL,NULL,3,11,5);

-- Notifications
INSERT IGNORE INTO notifications (notificationId, userId, title, message, createdAt, isRead) VALUES
(1,2,'Yêu cầu nghỉ phép','Tài xế HN A vừa tạo yêu cầu nghỉ phép.',NOW(),0),
(2,21,'Booking đã xác nhận','Booking #2 đã được xác nhận.',NOW(),0);

-- Chỉ sử dụng các field có trong schema
INSERT IGNORE INTO invoices (
    invoiceId, branchId, bookingId, customerId, type, costType, isDeposit, amount,
    paymentStatus, status, invoiceDate, createdAt, img, note, createdBy, approvedBy,
    approvedAt, cancellationReason, cancelledAt, contactNote, debtLabel, dueDate,
    invoiceNumber, paymentTerms, promiseToPayDate, sentAt, sentToEmail, cancelledBy
) VALUES
(1,1,1,1,'INCOME',NULL,1,600000.00,'PAID','ACTIVE',DATE_SUB(NOW(),INTERVAL 10 DAY),NOW(),NULL,'Đặt cọc Booking 1',3,2,NOW(),NULL,NULL,NULL,'NORMAL',DATE_ADD(CURDATE(),INTERVAL 7 DAY),'INV-HN-2025-0001','NET_7',NULL,NOW(),'contact@abc.com',NULL),
(2,1,1,1,'INCOME',NULL,0,600000.00,'PAID','ACTIVE',DATE_SUB(NOW(),INTERVAL 9 DAY),NOW(),NULL,'Thu nốt Booking 1',3,2,NOW(),NULL,NULL,NULL,NULL,DATE_ADD(CURDATE(),INTERVAL 0 DAY),'INV-HN-2025-0002','NET_0',NULL,NOW(),'contact@abc.com',NULL),
(3,3,2,2,'INCOME',NULL,1,1500000.00,'PAID','ACTIVE',DATE_SUB(NOW(),INTERVAL 1 DAY),NOW(),NULL,'Cọc Booking 2',21,23,NOW(),NULL,NULL,NULL,'NORMAL',DATE_ADD(CURDATE(),INTERVAL 7 DAY),'INV-HCM-2025-0001','NET_7',NULL,NOW(),'info@huongviet.vn',NULL),
(4,3,2,2,'INCOME',NULL,0,1500000.00,'UNPAID','ACTIVE',NOW(),NOW(),NULL,'Thu nốt Booking 2',21,NULL,NULL,NULL,NULL,NULL,'OVERDUE',DATE_ADD(CURDATE(),INTERVAL 7 DAY),'INV-HCM-2025-0002','NET_7',NULL,NULL,'info@huongviet.vn',NULL),
(5,2,3,3,'INCOME',NULL,1,900000.00,'PAID','ACTIVE',DATE_SUB(NOW(),INTERVAL 2 DAY),NOW(),NULL,'Cọc Booking 3',12,14,NOW(),NULL,NULL,NULL,NULL,DATE_ADD(CURDATE(),INTERVAL 7 DAY),'INV-DN-2025-0001','NET_7',NULL,NULL,'hr@xyz.com',NULL),
(6,2,3,3,'INCOME',NULL,0,900000.00,'UNPAID','ACTIVE',NOW(),NOW(),NULL,'Thu nốt Booking 3',12,NULL,NULL,NULL,NULL,NULL,'NORMAL',DATE_ADD(CURDATE(),INTERVAL 7 DAY),'INV-DN-2025-0002','NET_7',NULL,NULL,'hr@xyz.com',NULL),
(7,1,4,4,'INCOME',NULL,1,10000000.00,'PAID','ACTIVE',DATE_SUB(NOW(),INTERVAL 3 DAY),NOW(),NULL,'Cọc Booking 4',4,5,NOW(),NULL,NULL,NULL,'NORMAL',DATE_ADD(CURDATE(),INTERVAL 14 DAY),'INV-HN-2025-0003','NET_14',NULL,NULL,'nguyen.family@gmail.com',NULL),
(8,1,4,4,'INCOME',NULL,0,15000000.00,'UNPAID','ACTIVE',NOW(),NOW(),NULL,'Thu nốt Booking 4',4,NULL,NULL,NULL,NULL,NULL,'NORMAL',DATE_ADD(CURDATE(),INTERVAL 14 DAY),'INV-HN-2025-0004','NET_14',NULL,NULL,'nguyen.family@gmail.com',NULL),
(9,1,5,5,'INCOME',NULL,1,1750000.00,'PAID','ACTIVE',DATE_SUB(NOW(),INTERVAL 1 DAY),NOW(),NULL,'Cọc Booking 5',3,5,NOW(),NULL,NULL,NULL,'NORMAL',DATE_ADD(CURDATE(),INTERVAL 7 DAY),'INV-HN-2025-0005','NET_7',NULL,NULL,'school@vinschool.edu.vn',NULL),
(10,3,6,6,'INCOME',NULL,1,5000000.00,'PAID','ACTIVE',NOW(),NOW(),NULL,'Cọc Booking 6',22,23,NOW(),NULL,NULL,NULL,'NORMAL',DATE_ADD(CURDATE(),INTERVAL 7 DAY),'INV-HCM-2025-0003','NET_7',NULL,NOW(),'tour@suntravel.vn',NULL),
(11,3,6,6,'INCOME',NULL,0,10000000.00,'UNPAID','ACTIVE',NOW(),NOW(),NULL,'Thu nốt Booking 6',22,NULL,NULL,NULL,NULL,NULL,'OVERDUE',DATE_ADD(CURDATE(),INTERVAL 7 DAY),'INV-HCM-2025-0004','NET_7',NULL,NULL,'tour@suntravel.vn',NULL),
(12,2,9,3,'INCOME',NULL,0,600000.00,'PAID','ACTIVE',DATE_SUB(NOW(),INTERVAL 3 DAY),NOW(),NULL,'Thanh toán Booking 9',13,14,NOW(),NULL,NULL,NULL,'NORMAL',DATE_ADD(CURDATE(),INTERVAL 7 DAY),'INV-DN-2025-0003','NET_7',NULL,NULL,'hr@xyz.com',NULL);

-- Invoice Items table has been removed from schema
    
-- Payment History
INSERT IGNORE INTO payment_history (paymentId, amount, bankAccount, bankName, cashierName, createdAt, note, paymentDate, paymentMethod, receiptNumber, referenceNumber, createdBy, invoiceId, confirmationStatus) VALUES
(1,600000.00,'070122047995','Sacombank','Kế toán HN',NOW(),'Cọc Booking 1',DATE_SUB(NOW(),INTERVAL 10 DAY),'BANK_TRANSFER','REC-2025-0001',NULL,5,1,'CONFIRMED'),
(2,600000.00,NULL,NULL,'Kế toán HN',NOW(),'Thu nốt Booking 1',DATE_SUB(NOW(),INTERVAL 9 DAY),'CASH','REC-2025-0002',NULL,5,2,'CONFIRMED'),
(3,1500000.00,'070122047995','Sacombank','Kế toán HCM',NOW(),'Cọc Booking 2',DATE_SUB(NOW(),INTERVAL 1 DAY),'QR','REC-2025-0003',NULL,23,3,'CONFIRMED'),
(4,900000.00,NULL,NULL,'Kế toán DN',NOW(),'Cọc Booking 3',DATE_SUB(NOW(),INTERVAL 2 DAY),'CASH','REC-2025-0004',NULL,14,5,'CONFIRMED'),
(5,1750000.00,NULL,NULL,'Kế toán HN',NOW(),'Cọc Booking 5',DATE_SUB(NOW(),INTERVAL 1 DAY),'QR','REC-2025-0005',NULL,5,9,'CONFIRMED'),
(6,5000000.00,NULL,NULL,'Kế toán HCM',NOW(),'Cọc Booking 6',NOW(),'QR','REC-2025-0006',NULL,23,10,'CONFIRMED'),
(7,600000.00,NULL,NULL,'Kế toán DN',NOW(),'Thanh toán Booking 9',DATE_SUB(NOW(),INTERVAL 3 DAY),'CASH','REC-2025-0007',NULL,14,12,'CONFIRMED');

-- System Alerts
INSERT IGNORE INTO system_alerts (alertId, acknowledgedAt, alertType, createdAt, expiresAt, isAcknowledged, message, relatedEntityId, relatedEntityType, severity, title, acknowledgedBy, branchId) VALUES
(1,NOW(),'VEHICLE_INSPECTION_EXPIRING',NOW(),DATE_ADD(NOW(),INTERVAL 90 DAY),b'1','Xe 51C-333.33 sắp hết hạn đăng kiểm',9,'VEHICLE','HIGH','Xe sắp hết hạn đăng kiểm',20,3),
(2,NULL,'DRIVER_LICENSE_EXPIRING',NOW(),DATE_ADD(NOW(),INTERVAL 60 DAY),b'0','Bằng lái HN-D004 sắp hết hạn',4,'DRIVER','MEDIUM','Bằng lái sắp hết hạn',NULL,1);

-- Debt Reminder History (linked to unpaid invoice #4)
INSERT IGNORE INTO debt_reminder_history (reminderId, invoiceId, reminderDate, reminderType, recipient, message, sentBy, createdAt) VALUES
(1,4,NOW(),'EMAIL','info@huongviet.vn','Nhắc thanh toán hóa đơn INV-HCM-2025-0002',1,NOW());

-- Trip Incidents
INSERT IGNORE INTO trip_incidents (incidentId, createdAt, description, resolved, severity, driverId, tripId) VALUES
(1,NOW(),'Va chạm nhẹ, không thương tích',b'1','LOW',2,4);

-- Trip Assignment History table has been removed from schema

-- Notifications for approvals
INSERT IGNORE INTO notifications (notificationId, userId, title, message, createdAt, isRead) VALUES
(3,7,'Yêu cầu Nghỉ phép đã được duyệt','Yêu cầu nghỉ phép #1 đã được duyệt.',NOW(),0);

-- App completion
-- End of seed
select * from users;
